series,horizon,model,target_date,prediction,actual
inflation_yoy,1,naive_last,2016-01-01,0.6366935496003201,1.2299080308038055
inflation_yoy,1,naive_last,2016-04-01,0.8876646705649804,1.1658037736477669
inflation_yoy,1,naive_last,2016-07-01,1.0735038085898374,0.8646147538590832
inflation_yoy,1,naive_last,2016-10-01,1.5367755028160346,1.671870990986957
inflation_yoy,1,naive_last,2017-01-01,2.030053186535952,2.4794005969470234
inflation_yoy,1,naive_last,2017-04-01,2.411875271120234,2.152881766915282
inflation_yoy,1,naive_last,2017-07-01,1.6272539252383034,1.7103963201701156
inflation_yoy,1,naive_last,2017-10-01,2.157130961164277,2.0006113975012063
inflation_yoy,1,naive_last,2018-01-01,2.107564724618083,2.128504628435035
inflation_yoy,1,naive_last,2018-04-01,2.30419804576103,2.4409609642525254
inflation_yoy,1,naive_last,2018-07-01,2.768861466242001,2.814153417360909
inflation_yoy,1,naive_last,2018-10-01,2.3052782030269725,2.4614877571210947
inflation_yoy,1,naive_last,2019-01-01,1.9825969223167483,1.4766332681220184
inflation_yoy,1,naive_last,2019-04-01,1.865673916713817,1.980834757598604
inflation_yoy,1,naive_last,2019-07-01,1.6573840904157144,1.8098542197341416
inflation_yoy,1,naive_last,2019-10-01,1.6704673825508998,1.7191119291485537
inflation_yoy,1,naive_last,2020-01-01,2.2930353112747603,2.566548531176416
inflation_yoy,1,naive_last,2020-04-01,1.4829891206053605,0.3125583212112204
inflation_yoy,1,naive_last,2020-07-01,0.7141005055379956,0.9919288416800676
inflation_yoy,1,naive_last,2020-10-01,1.3814369605231749,1.2228786101180944
inflation_yoy,1,naive_last,2021-01-01,1.3117775848018989,1.3644920352351877
inflation_yoy,1,naive_last,2021-04-01,2.632853015763104,4.049948282641136
inflation_yoy,1,naive_last,2021-07-01,5.160175670148348,5.112238890647802
inflation_yoy,1,naive_last,2021-10-01,5.212949279021384,6.048383440327498
inflation_yoy,1,naive_last,2022-01-01,6.928667098426367,7.286754203155343
inflation_yoy,1,naive_last,2022-04-01,8.224524921416254,7.910458257893627
inflation_yoy,1,naive_last,2022-07-01,8.598833063458944,8.12350125437833
inflation_yoy,1,naive_last,2022-10-01,7.873822856212786,7.472533972171913
inflation_yoy,1,naive_last,2023-01-01,6.207862684902565,6.1350744177162575
inflation_yoy,1,naive_last,2023-04-01,4.800623185944364,4.831462139426179
inflation_yoy,1,naive_last,2023-07-01,3.0244169973872026,3.234858938184804
inflation_yoy,1,naive_last,2023-10-01,3.620855266978573,3.199530640608561
inflation_yoy,1,naive_last,2024-01-01,3.2621195148500703,3.0416133525949185
inflation_yoy,1,naive_last,2024-04-01,3.427421970979782,3.305554680124434
inflation_yoy,1,naive_last,2024-07-01,2.927000276286318,2.899044457787703
inflation_yoy,1,naive_last,2024-10-01,2.397511653496043,2.546152718143624
inflation_yoy,1,naive_last,2025-01-01,2.830258603235692,2.9471209161693324
inflation_yoy,1,naive_last,2025-04-01,2.354054885684853,2.298763047316399
inflation_yoy,1,naive_last,2025-07-01,2.645159020288101,2.7056821032835465
inflation_yoy,1,naive_last,2025-10-01,2.977791983269018,2.8165537372436766
inflation_yoy,1,naive_last,2026-01-01,2.61871451181781,2.363059941151935
inflation_yoy,1,naive_last,2026-04-01,3.233124433257739,3.709582098292774
inflation_yoy,1,naive_last,2026-07-01,3.404900452136861,3.250451810204691
inflation_yoy,1,seasonal_naive,2016-01-01,-0.2301957253808773,1.2299080308038055
inflation_yoy,1,seasonal_naive,2016-04-01,-0.1040851391859831,1.1658037736477669
inflation_yoy,1,seasonal_naive,2016-07-01,0.2254318224615303,0.8646147538590832
inflation_yoy,1,seasonal_naive,2016-10-01,0.1275351999502127,1.671870990986957
inflation_yoy,1,seasonal_naive,2017-01-01,1.2299080308038055,2.4794005969470234
inflation_yoy,1,seasonal_naive,2017-04-01,1.1658037736477669,2.152881766915282
inflation_yoy,1,seasonal_naive,2017-07-01,0.8646147538590832,1.7103963201701156
inflation_yoy,1,seasonal_naive,2017-10-01,1.671870990986957,2.0006113975012063
inflation_yoy,1,seasonal_naive,2018-01-01,2.4794005969470234,2.128504628435035
inflation_yoy,1,seasonal_naive,2018-04-01,2.152881766915282,2.4409609642525254
inflation_yoy,1,seasonal_naive,2018-07-01,1.7103963201701156,2.814153417360909
inflation_yoy,1,seasonal_naive,2018-10-01,2.0006113975012063,2.4614877571210947
inflation_yoy,1,seasonal_naive,2019-01-01,2.128504628435035,1.4766332681220184
inflation_yoy,1,seasonal_naive,2019-04-01,2.4409609642525254,1.980834757598604
inflation_yoy,1,seasonal_naive,2019-07-01,2.814153417360909,1.8098542197341416
inflation_yoy,1,seasonal_naive,2019-10-01,2.4614877571210947,1.7191119291485537
inflation_yoy,1,seasonal_naive,2020-01-01,1.4766332681220184,2.566548531176416
inflation_yoy,1,seasonal_naive,2020-04-01,1.980834757598604,0.3125583212112204
inflation_yoy,1,seasonal_naive,2020-07-01,1.8098542197341416,0.9919288416800676
inflation_yoy,1,seasonal_naive,2020-10-01,1.7191119291485537,1.2228786101180944
inflation_yoy,1,seasonal_naive,2021-01-01,2.566548531176416,1.3644920352351877
inflation_yoy,1,seasonal_naive,2021-04-01,0.3125583212112204,4.049948282641136
inflation_yoy,1,seasonal_naive,2021-07-01,0.9919288416800676,5.112238890647802
inflation_yoy,1,seasonal_naive,2021-10-01,1.2228786101180944,6.048383440327498
inflation_yoy,1,seasonal_naive,2022-01-01,1.3644920352351877,7.286754203155343
inflation_yoy,1,seasonal_naive,2022-04-01,4.049948282641136,7.910458257893627
inflation_yoy,1,seasonal_naive,2022-07-01,5.112238890647802,8.12350125437833
inflation_yoy,1,seasonal_naive,2022-10-01,6.048383440327498,7.472533972171913
inflation_yoy,1,seasonal_naive,2023-01-01,7.286754203155343,6.1350744177162575
inflation_yoy,1,seasonal_naive,2023-04-01,7.910458257893627,4.831462139426179
inflation_yoy,1,seasonal_naive,2023-07-01,8.12350125437833,3.234858938184804
inflation_yoy,1,seasonal_naive,2023-10-01,7.472533972171913,3.199530640608561
inflation_yoy,1,seasonal_naive,2024-01-01,6.1350744177162575,3.0416133525949185
inflation_yoy,1,seasonal_naive,2024-04-01,4.831462139426179,3.305554680124434
inflation_yoy,1,seasonal_naive,2024-07-01,3.234858938184804,2.899044457787703
inflation_yoy,1,seasonal_naive,2024-10-01,3.199530640608561,2.546152718143624
inflation_yoy,1,seasonal_naive,2025-01-01,3.0416133525949185,2.9471209161693324
inflation_yoy,1,seasonal_naive,2025-04-01,3.305554680124434,2.298763047316399
inflation_yoy,1,seasonal_naive,2025-07-01,2.899044457787703,2.7056821032835465
inflation_yoy,1,seasonal_naive,2025-10-01,2.546152718143624,2.8165537372436766
inflation_yoy,1,seasonal_naive,2026-01-01,2.9471209161693324,2.363059941151935
inflation_yoy,1,seasonal_naive,2026-04-01,2.298763047316399,3.709582098292774
inflation_yoy,1,seasonal_naive,2026-07-01,2.7056821032835465,3.250451810204691
inflation_yoy,1,rolling_mean_12,2016-01-01,0.12049494180739934,1.2299080308038055
inflation_yoy,1,rolling_mean_12,2016-04-01,0.39554326056148903,1.1658037736477669
inflation_yoy,1,rolling_mean_12,2016-07-01,0.6623480312614024,0.8646147538590832
inflation_yoy,1,rolling_mean_12,2016-10-01,0.9103387817559779,1.671870990986957
inflation_yoy,1,rolling_mean_12,2017-01-01,1.2580581309433885,2.4794005969470234
inflation_yoy,1,rolling_mean_12,2017-04-01,1.6498573383824322,2.152881766915282
inflation_yoy,1,rolling_mean_12,2017-07-01,1.8421447676986242,1.7103963201701156
inflation_yoy,1,rolling_mean_12,2017-10-01,2.0359880661051064,2.0006113975012063
inflation_yoy,1,rolling_mean_12,2018-01-01,2.109752866284209,2.128504628435035
inflation_yoy,1,rolling_mean_12,2018-04-01,2.0270915103634954,2.4409609642525254
inflation_yoy,1,rolling_mean_12,2018-07-01,2.2216158842216207,2.814153417360909
inflation_yoy,1,rolling_mean_12,2018-10-01,2.3841773472073133,2.4614877571210947
inflation_yoy,1,rolling_mean_12,2019-01-01,2.4101169577473547,1.4766332681220184
inflation_yoy,1,rolling_mean_12,2019-04-01,2.25835147875888,1.980834757598604
inflation_yoy,1,rolling_mean_12,2019-07-01,2.0470549655324652,1.8098542197341416
inflation_yoy,1,rolling_mean_12,2019-10-01,1.8366386991604495,1.7191119291485537
inflation_yoy,1,rolling_mean_12,2020-01-01,1.7961526044077525,2.566548531176416
inflation_yoy,1,rolling_mean_12,2020-04-01,1.9223289756796769,0.3125583212112204
inflation_yoy,1,rolling_mean_12,2020-07-01,1.572868186240613,0.9919288416800676
inflation_yoy,1,rolling_mean_12,2020-10-01,1.4431399277589223,1.2228786101180944
inflation_yoy,1,rolling_mean_12,2021-01-01,1.2448643768192547,1.3644920352351877
inflation_yoy,1,rolling_mean_12,2021-04-01,1.1856566862453066,4.049948282641136
inflation_yoy,1,rolling_mean_12,2021-07-01,2.251206326986499,5.112238890647802
inflation_yoy,1,rolling_mean_12,2021-10-01,3.2264210768583177,6.048383440327498
inflation_yoy,1,rolling_mean_12,2022-01-01,4.555397220076644,7.286754203155343
inflation_yoy,1,rolling_mean_12,2022-04-01,6.013390343608187,7.910458257893627
inflation_yoy,1,rolling_mean_12,2022-07-01,6.9043240935643695,8.12350125437833
inflation_yoy,1,rolling_mean_12,2022-10-01,7.616860061364008,7.472533972171913
inflation_yoy,1,rolling_mean_12,2023-01-01,7.692673212071988,6.1350744177162575
inflation_yoy,1,rolling_mean_12,2023-04-01,7.157131344467981,4.831462139426179
inflation_yoy,1,rolling_mean_12,2023-07-01,6.090646804903802,3.234858938184804
inflation_yoy,1,rolling_mean_12,2023-10-01,4.974921690985227,3.199530640608561
inflation_yoy,1,rolling_mean_12,2024-01-01,4.057079548972135,3.0416133525949185
inflation_yoy,1,rolling_mean_12,2024-04-01,3.461622033298628,3.305554680124434
inflation_yoy,1,rolling_mean_12,2024-07-01,3.2550110233719196,2.899044457787703
inflation_yoy,1,rolling_mean_12,2024-10-01,3.034984971200442,2.546152718143624
inflation_yoy,1,rolling_mean_12,2025-01-01,2.9110394790317815,2.9471209161693324
inflation_yoy,1,rolling_mean_12,2025-04-01,2.784950667335218,2.298763047316399
inflation_yoy,1,rolling_mean_12,2025-07-01,2.607288346964576,2.7056821032835465
inflation_yoy,1,rolling_mean_12,2025-10-01,2.6664069202338547,2.8165537372436766
inflation_yoy,1,rolling_mean_12,2026-01-01,2.669443215606981,2.363059941151935
inflation_yoy,1,rolling_mean_12,2026-04-01,2.6641770364990456,3.709582098292774
inflation_yoy,1,rolling_mean_12,2026-07-01,2.989448859698932,3.250451810204691
inflation_yoy,1,arima,2016-01-01,0.6802588645639879,1.2299080308038055
inflation_yoy,1,arima,2016-04-01,0.8398513037977099,1.1658037736477669
inflation_yoy,1,arima,2016-07-01,1.0559199880981536,0.8646147538590832
inflation_yoy,1,arima,2016-10-01,1.7506373914622446,1.671870990986957
inflation_yoy,1,arima,2017-01-01,2.187002684809084,2.4794005969470234
inflation_yoy,1,arima,2017-04-01,2.2573627727618844,2.152881766915282
inflation_yoy,1,arima,2017-07-01,1.540233124113083,1.7103963201701156
inflation_yoy,1,arima,2017-10-01,2.231681547269967,2.0006113975012063
inflation_yoy,1,arima,2018-01-01,2.122084912931587,2.128504628435035
inflation_yoy,1,arima,2018-04-01,2.3222603975933205,2.4409609642525254
inflation_yoy,1,arima,2018-07-01,2.76515791085843,2.814153417360909
inflation_yoy,1,arima,2018-10-01,2.177406119559664,2.4614877571210947
inflation_yoy,1,arima,2019-01-01,1.8912602151311901,1.4766332681220184
inflation_yoy,1,arima,2019-04-01,2.052039120614293,1.980834757598604
inflation_yoy,1,arima,2019-07-01,1.6264627293139615,1.8098542197341416
inflation_yoy,1,arima,2019-10-01,1.631632773800641,1.7191119291485537
inflation_yoy,1,arima,2020-01-01,2.3717099864626547,2.566548531176416
inflation_yoy,1,arima,2020-04-01,1.1421688423585554,0.3125583212112204
inflation_yoy,1,arima,2020-07-01,0.983799294185303,0.9919288416800676
inflation_yoy,1,arima,2020-10-01,1.4346569196144738,1.2228786101180944
inflation_yoy,1,arima,2021-01-01,1.388646543860826,1.3644920352351877
inflation_yoy,1,arima,2021-04-01,3.023070005550623,4.049948282641136
inflation_yoy,1,arima,2021-07-01,5.216385273996032,5.112238890647802
inflation_yoy,1,arima,2021-10-01,5.307490147127967,6.048383440327498
inflation_yoy,1,arima,2022-01-01,6.954399468830927,7.286754203155343
inflation_yoy,1,arima,2022-04-01,8.427208780334562,7.910458257893627
inflation_yoy,1,arima,2022-07-01,8.837255278621333,8.12350125437833
inflation_yoy,1,arima,2022-10-01,7.945175964482126,7.472533972171913
inflation_yoy,1,arima,2023-01-01,5.987823899337179,6.1350744177162575
inflation_yoy,1,arima,2023-04-01,4.370546990364689,4.831462139426179
inflation_yoy,1,arima,2023-07-01,2.5472856580873757,3.234858938184804
inflation_yoy,1,arima,2023-10-01,3.524699458366491,3.199530640608561
inflation_yoy,1,arima,2024-01-01,3.3583989333314865,3.0416133525949185
inflation_yoy,1,arima,2024-04-01,3.5885597009368997,3.305554680124434
inflation_yoy,1,arima,2024-07-01,2.853653854061244,2.899044457787703
inflation_yoy,1,arima,2024-10-01,2.322060114128522,2.546152718143624
inflation_yoy,1,arima,2025-01-01,2.8678592061083736,2.9471209161693324
inflation_yoy,1,arima,2025-04-01,2.188302992319112,2.298763047316399
inflation_yoy,1,arima,2025-07-01,2.746362858694841,2.7056821032835465
inflation_yoy,1,arima,2025-10-01,3.0182381673289815,2.8165537372436766
inflation_yoy,1,arima,2026-01-01,2.6221376952710442,2.363059941151935
inflation_yoy,1,arima,2026-04-01,3.591594929670527,3.709582098292774
inflation_yoy,1,arima,2026-07-01,3.1351431452989376,3.250451810204691
inflation_yoy,1,sarima,2016-01-01,1.4233869297320108,1.2299080308038055
inflation_yoy,1,sarima,2016-04-01,0.967118202927806,1.1658037736477669
inflation_yoy,1,sarima,2016-07-01,1.090840132534047,0.8646147538590832
inflation_yoy,1,sarima,2016-10-01,1.5608144956799666,1.671870990986957
inflation_yoy,1,sarima,2017-01-01,2.3539282941624635,2.4794005969470234
inflation_yoy,1,sarima,2017-04-01,2.109678002746634,2.152881766915282
inflation_yoy,1,sarima,2017-07-01,1.7982039552620706,1.7103963201701156
inflation_yoy,1,sarima,2017-10-01,2.1848331729155577,2.0006113975012063
inflation_yoy,1,sarima,2018-01-01,1.9439325546529178,2.128504628435035
inflation_yoy,1,sarima,2018-04-01,2.3292374535075417,2.4409609642525254
inflation_yoy,1,sarima,2018-07-01,2.8729522822671476,2.814153417360909
inflation_yoy,1,sarima,2018-10-01,2.4138060071967677,2.4614877571210947
inflation_yoy,1,sarima,2019-01-01,1.736718779696113,1.4766332681220184
inflation_yoy,1,sarima,2019-04-01,1.854849948399423,1.980834757598604
inflation_yoy,1,sarima,2019-07-01,1.65307951019632,1.8098542197341416
inflation_yoy,1,sarima,2019-10-01,1.5521910213452417,1.7191119291485537
inflation_yoy,1,sarima,2020-01-01,2.7007133590912673,2.566548531176416
inflation_yoy,1,sarima,2020-04-01,1.0149657765506568,0.3125583212112204
inflation_yoy,1,sarima,2020-07-01,0.6592229424050298,0.9919288416800676
inflation_yoy,1,sarima,2020-10-01,1.2414797559571153,1.2228786101180944
inflation_yoy,1,sarima,2021-01-01,1.4788815640861988,1.3644920352351877
inflation_yoy,1,sarima,2021-04-01,3.888574492813726,4.049948282641136
inflation_yoy,1,sarima,2021-07-01,5.146363256977294,5.112238890647802
inflation_yoy,1,sarima,2021-10-01,5.485598160212951,6.048383440327498
inflation_yoy,1,sarima,2022-01-01,7.323076948172971,7.286754203155343
inflation_yoy,1,sarima,2022-04-01,8.385885575037904,7.910458257893627
inflation_yoy,1,sarima,2022-07-01,9.004684903356406,8.12350125437833
inflation_yoy,1,sarima,2022-10-01,7.316685641408748,7.472533972171913
inflation_yoy,1,sarima,2023-01-01,5.928966275298134,6.1350744177162575
inflation_yoy,1,sarima,2023-04-01,4.838018024349582,4.831462139426179
inflation_yoy,1,sarima,2023-07-01,3.404255194367533,3.234858938184804
inflation_yoy,1,sarima,2023-10-01,3.3705260700563,3.199530640608561
inflation_yoy,1,sarima,2024-01-01,3.0106453454702495,3.0416133525949185
inflation_yoy,1,sarima,2024-04-01,3.439703295084061,3.305554680124434
inflation_yoy,1,sarima,2024-07-01,2.834424137943956,2.899044457787703
inflation_yoy,1,sarima,2024-10-01,2.478459222930789,2.546152718143624
inflation_yoy,1,sarima,2025-01-01,2.856361513843153,2.9471209161693324
inflation_yoy,1,sarima,2025-04-01,2.3181036854747137,2.298763047316399
inflation_yoy,1,sarima,2025-07-01,2.669224356738655,2.7056821032835465
inflation_yoy,1,sarima,2025-10-01,2.914786363081947,2.8165537372436766
inflation_yoy,1,sarima,2026-01-01,2.5002019702439884,2.363059941151935
inflation_yoy,1,sarima,2026-04-01,3.5973451168256227,3.709582098292774
inflation_yoy,1,sarima,2026-07-01,3.1157262420334395,3.250451810204691
inflation_yoy,1,ols,2016-01-01,0.6394886567926834,1.2299080308038055
inflation_yoy,1,ols,2016-04-01,0.8184479000321889,1.1658037736477669
inflation_yoy,1,ols,2016-07-01,1.0247811095441972,0.8646147538590832
inflation_yoy,1,ols,2016-10-01,1.6838909226154692,1.671870990986957
inflation_yoy,1,ols,2017-01-01,2.1334915340009633,2.4794005969470234
inflation_yoy,1,ols,2017-04-01,2.2257055960740466,2.152881766915282
inflation_yoy,1,ols,2017-07-01,1.587429918588465,1.7103963201701156
inflation_yoy,1,ols,2017-10-01,2.205400928435279,2.0006113975012063
inflation_yoy,1,ols,2018-01-01,2.1578656855169798,2.128504628435035
inflation_yoy,1,ols,2018-04-01,2.3587013514040507,2.4409609642525254
inflation_yoy,1,ols,2018-07-01,2.783702063325453,2.814153417360909
inflation_yoy,1,ols,2018-10-01,2.236154855916422,2.4614877571210947
inflation_yoy,1,ols,2019-01-01,1.9318187711647934,1.4766332681220184
inflation_yoy,1,ols,2019-04-01,2.0500947215032124,1.980834757598604
inflation_yoy,1,ols,2019-07-01,1.6369265778096376,1.8098542197341416
inflation_yoy,1,ols,2019-10-01,1.640580355167047,1.7191119291485537
inflation_yoy,1,ols,2020-01-01,2.364370833439459,2.566548531176416
inflation_yoy,1,ols,2020-04-01,1.1827010383304268,0.3125583212112204
inflation_yoy,1,ols,2020-07-01,0.8395697550457133,0.9919288416800676
inflation_yoy,1,ols,2020-10-01,1.3897838151278943,1.2228786101180944
inflation_yoy,1,ols,2021-01-01,1.4663578665412877,1.3644920352351877
inflation_yoy,1,ols,2021-04-01,3.055858781567273,4.049948282641136
inflation_yoy,1,ols,2021-07-01,5.32709344070213,5.112238890647802
inflation_yoy,1,ols,2021-10-01,5.384751997635211,6.048383440327498
inflation_yoy,1,ols,2022-01-01,6.9239106854798065,7.286754203155343
inflation_yoy,1,ols,2022-04-01,8.468336911371129,7.910458257893627
inflation_yoy,1,ols,2022-07-01,8.756020382133649,8.12350125437833
inflation_yoy,1,ols,2022-10-01,7.809534775402849,7.472533972171913
inflation_yoy,1,ols,2023-01-01,5.820634011687098,6.1350744177162575
inflation_yoy,1,ols,2023-04-01,4.201736376742255,4.831462139426179
inflation_yoy,1,ols,2023-07-01,2.422448832316597,3.234858938184804
inflation_yoy,1,ols,2023-10-01,3.3921251218981228,3.199530640608561
inflation_yoy,1,ols,2024-01-01,3.2875280418057846,3.0416133525949185
inflation_yoy,1,ols,2024-04-01,3.4558356962536254,3.305554680124434
inflation_yoy,1,ols,2024-07-01,2.786586441526491,2.899044457787703
inflation_yoy,1,ols,2024-10-01,2.277793807520526,2.546152718143624
inflation_yoy,1,ols,2025-01-01,2.823490154581863,2.9471209161693324
inflation_yoy,1,ols,2025-04-01,2.195549982588344,2.298763047316399
inflation_yoy,1,ols,2025-07-01,2.7330018115159143,2.7056821032835465
inflation_yoy,1,ols,2025-10-01,2.9930536027701957,2.8165537372436766
inflation_yoy,1,ols,2026-01-01,2.618295398258837,2.363059941151935
inflation_yoy,1,ols,2026-04-01,3.524895193732087,3.709582098292774
inflation_yoy,1,ols,2026-07-01,3.1241834064162184,3.250451810204691
inflation_yoy,1,random_forest,2016-01-01,0.4117317768079299,1.2299080308038055
inflation_yoy,1,random_forest,2016-04-01,0.9307222148038984,1.1658037736477669
inflation_yoy,1,random_forest,2016-07-01,1.081445568789957,0.8646147538590832
inflation_yoy,1,random_forest,2016-10-01,1.4753054951367062,1.671870990986957
inflation_yoy,1,random_forest,2017-01-01,2.0400611504131714,2.4794005969470234
inflation_yoy,1,random_forest,2017-04-01,2.511106020067108,2.152881766915282
inflation_yoy,1,random_forest,2017-07-01,1.501866192722063,1.7103963201701156
inflation_yoy,1,random_forest,2017-10-01,2.126606632593139,2.0006113975012063
inflation_yoy,1,random_forest,2018-01-01,2.147953556525087,2.128504628435035
inflation_yoy,1,random_forest,2018-04-01,2.5139443125914767,2.4409609642525254
inflation_yoy,1,random_forest,2018-07-01,2.731274972755773,2.814153417360909
inflation_yoy,1,random_forest,2018-10-01,2.4658368257877394,2.4614877571210947
inflation_yoy,1,random_forest,2019-01-01,2.031324814910514,1.4766332681220184
inflation_yoy,1,random_forest,2019-04-01,2.0721315739949806,1.980834757598604
inflation_yoy,1,random_forest,2019-07-01,1.699155406075967,1.8098542197341416
inflation_yoy,1,random_forest,2019-10-01,1.7612077803329098,1.7191119291485537
inflation_yoy,1,random_forest,2020-01-01,2.491776188949556,2.566548531176416
inflation_yoy,1,random_forest,2020-04-01,1.5134388486567556,0.3125583212112204
inflation_yoy,1,random_forest,2020-07-01,0.5459075452684435,0.9919288416800676
inflation_yoy,1,random_forest,2020-10-01,1.3065017495732305,1.2228786101180944
inflation_yoy,1,random_forest,2021-01-01,1.406468569611284,1.3644920352351877
inflation_yoy,1,random_forest,2021-04-01,2.761498234477811,4.049948282641136
inflation_yoy,1,random_forest,2021-07-01,5.316211941437318,5.112238890647802
inflation_yoy,1,random_forest,2021-10-01,5.191415224906904,6.048383440327498
inflation_yoy,1,random_forest,2022-01-01,6.825222338533646,7.286754203155343
inflation_yoy,1,random_forest,2022-04-01,8.035999556404505,7.910458257893627
inflation_yoy,1,random_forest,2022-07-01,8.992582967723596,8.12350125437833
inflation_yoy,1,random_forest,2022-10-01,8.009322238544717,7.472533972171913
inflation_yoy,1,random_forest,2023-01-01,6.045503587031432,6.1350744177162575
inflation_yoy,1,random_forest,2023-04-01,4.759311457272747,4.831462139426179
inflation_yoy,1,random_forest,2023-07-01,2.9047360283653023,3.234858938184804
inflation_yoy,1,random_forest,2023-10-01,3.5113109819914787,3.199530640608561
inflation_yoy,1,random_forest,2024-01-01,3.3303721822960797,3.0416133525949185
inflation_yoy,1,random_forest,2024-04-01,3.288607852510195,3.305554680124434
inflation_yoy,1,random_forest,2024-07-01,2.8831646483375253,2.899044457787703
inflation_yoy,1,random_forest,2024-10-01,2.4832634104890423,2.546152718143624
inflation_yoy,1,random_forest,2025-01-01,2.685187618272836,2.9471209161693324
inflation_yoy,1,random_forest,2025-04-01,2.386802714228108,2.298763047316399
inflation_yoy,1,random_forest,2025-07-01,2.686809162613017,2.7056821032835465
inflation_yoy,1,random_forest,2025-10-01,2.8338704124715024,2.8165537372436766
inflation_yoy,1,random_forest,2026-01-01,2.542678943163982,2.363059941151935
inflation_yoy,1,random_forest,2026-04-01,3.4067546728069242,3.709582098292774
inflation_yoy,1,random_forest,2026-07-01,3.189241999692379,3.250451810204691
inflation_yoy,1,gradient_boosting,2016-01-01,0.24491819754491403,1.2299080308038055
inflation_yoy,1,gradient_boosting,2016-04-01,0.9632531742288978,1.1658037736477669
inflation_yoy,1,gradient_boosting,2016-07-01,1.1125347181577918,0.8646147538590832
inflation_yoy,1,gradient_boosting,2016-10-01,1.5045668136588435,1.671870990986957
inflation_yoy,1,gradient_boosting,2017-01-01,2.208536636015587,2.4794005969470234
inflation_yoy,1,gradient_boosting,2017-04-01,2.496930617746701,2.152881766915282
inflation_yoy,1,gradient_boosting,2017-07-01,1.6670211697526325,1.7103963201701156
inflation_yoy,1,gradient_boosting,2017-10-01,2.0770090511092767,2.0006113975012063
inflation_yoy,1,gradient_boosting,2018-01-01,2.167350804448583,2.128504628435035
inflation_yoy,1,gradient_boosting,2018-04-01,2.398157604212218,2.4409609642525254
inflation_yoy,1,gradient_boosting,2018-07-01,2.774587349965425,2.814153417360909
inflation_yoy,1,gradient_boosting,2018-10-01,2.527719239600055,2.4614877571210947
inflation_yoy,1,gradient_boosting,2019-01-01,2.0615053654524225,1.4766332681220184
inflation_yoy,1,gradient_boosting,2019-04-01,1.8036036095560317,1.980834757598604
inflation_yoy,1,gradient_boosting,2019-07-01,1.6208710418180894,1.8098542197341416
inflation_yoy,1,gradient_boosting,2019-10-01,1.7306939150770206,1.7191119291485537
inflation_yoy,1,gradient_boosting,2020-01-01,2.4410923526212347,2.566548531176416
inflation_yoy,1,gradient_boosting,2020-04-01,1.564920929708517,0.3125583212112204
inflation_yoy,1,gradient_boosting,2020-07-01,0.993165869791528,0.9919288416800676
inflation_yoy,1,gradient_boosting,2020-10-01,1.4385048735650439,1.2228786101180944
inflation_yoy,1,gradient_boosting,2021-01-01,1.3761168302823152,1.3644920352351877
inflation_yoy,1,gradient_boosting,2021-04-01,3.303100034415688,4.049948282641136
inflation_yoy,1,gradient_boosting,2021-07-01,5.221043514374817,5.112238890647802
inflation_yoy,1,gradient_boosting,2021-10-01,5.142208488638331,6.048383440327498
inflation_yoy,1,gradient_boosting,2022-01-01,7.191522251044878,7.286754203155343
inflation_yoy,1,gradient_boosting,2022-04-01,8.25217998925455,7.910458257893627
inflation_yoy,1,gradient_boosting,2022-07-01,9.021130620912778,8.12350125437833
inflation_yoy,1,gradient_boosting,2022-10-01,7.897765878627342,7.472533972171913
inflation_yoy,1,gradient_boosting,2023-01-01,5.875271695536988,6.1350744177162575
inflation_yoy,1,gradient_boosting,2023-04-01,4.228310425411812,4.831462139426179
inflation_yoy,1,gradient_boosting,2023-07-01,2.7988143928922504,3.234858938184804
inflation_yoy,1,gradient_boosting,2023-10-01,3.49852859528219,3.199530640608561
inflation_yoy,1,gradient_boosting,2024-01-01,3.2089115923063143,3.0416133525949185
inflation_yoy,1,gradient_boosting,2024-04-01,3.286765246993305,3.305554680124434
inflation_yoy,1,gradient_boosting,2024-07-01,2.840095553503181,2.899044457787703
inflation_yoy,1,gradient_boosting,2024-10-01,2.46568903445346,2.546152718143624
inflation_yoy,1,gradient_boosting,2025-01-01,2.728040235848586,2.9471209161693324
inflation_yoy,1,gradient_boosting,2025-04-01,2.1098817842374546,2.298763047316399
inflation_yoy,1,gradient_boosting,2025-07-01,2.774290909399794,2.7056821032835465
inflation_yoy,1,gradient_boosting,2025-10-01,2.948244141067298,2.8165537372436766
inflation_yoy,1,gradient_boosting,2026-01-01,2.6162378622484153,2.363059941151935
inflation_yoy,1,gradient_boosting,2026-04-01,3.4950005434778335,3.709582098292774
inflation_yoy,1,gradient_boosting,2026-07-01,3.1351437706950174,3.250451810204691
inflation_yoy,12,naive_last,2016-01-01,-0.2301957253808773,1.2299080308038055
inflation_yoy,12,naive_last,2016-04-01,-0.1040851391859831,1.1658037736477669
inflation_yoy,12,naive_last,2016-07-01,0.2254318224615303,0.8646147538590832
inflation_yoy,12,naive_last,2016-10-01,0.1275351999502127,1.671870990986957
inflation_yoy,12,naive_last,2017-01-01,1.2299080308038055,2.4794005969470234
inflation_yoy,12,naive_last,2017-04-01,1.1658037736477669,2.152881766915282
inflation_yoy,12,naive_last,2017-07-01,0.8646147538590832,1.7103963201701156
inflation_yoy,12,naive_last,2017-10-01,1.671870990986957,2.0006113975012063
inflation_yoy,12,naive_last,2018-01-01,2.4794005969470234,2.128504628435035
inflation_yoy,12,naive_last,2018-04-01,2.152881766915282,2.4409609642525254
inflation_yoy,12,naive_last,2018-07-01,1.7103963201701156,2.814153417360909
inflation_yoy,12,naive_last,2018-10-01,2.0006113975012063,2.4614877571210947
inflation_yoy,12,naive_last,2019-01-01,2.128504628435035,1.4766332681220184
inflation_yoy,12,naive_last,2019-04-01,2.4409609642525254,1.980834757598604
inflation_yoy,12,naive_last,2019-07-01,2.814153417360909,1.8098542197341416
inflation_yoy,12,naive_last,2019-10-01,2.4614877571210947,1.7191119291485537
inflation_yoy,12,naive_last,2020-01-01,1.4766332681220184,2.566548531176416
inflation_yoy,12,naive_last,2020-04-01,1.980834757598604,0.3125583212112204
inflation_yoy,12,naive_last,2020-07-01,1.8098542197341416,0.9919288416800676
inflation_yoy,12,naive_last,2020-10-01,1.7191119291485537,1.2228786101180944
inflation_yoy,12,naive_last,2021-01-01,2.566548531176416,1.3644920352351877
inflation_yoy,12,naive_last,2021-04-01,0.3125583212112204,4.049948282641136
inflation_yoy,12,naive_last,2021-07-01,0.9919288416800676,5.112238890647802
inflation_yoy,12,naive_last,2021-10-01,1.2228786101180944,6.048383440327498
inflation_yoy,12,naive_last,2022-01-01,1.3644920352351877,7.286754203155343
inflation_yoy,12,naive_last,2022-04-01,4.049948282641136,7.910458257893627
inflation_yoy,12,naive_last,2022-07-01,5.112238890647802,8.12350125437833
inflation_yoy,12,naive_last,2022-10-01,6.048383440327498,7.472533972171913
inflation_yoy,12,naive_last,2023-01-01,7.286754203155343,6.1350744177162575
inflation_yoy,12,naive_last,2023-04-01,7.910458257893627,4.831462139426179
inflation_yoy,12,naive_last,2023-07-01,8.12350125437833,3.234858938184804
inflation_yoy,12,naive_last,2023-10-01,7.472533972171913,3.199530640608561
inflation_yoy,12,naive_last,2024-01-01,6.1350744177162575,3.0416133525949185
inflation_yoy,12,naive_last,2024-04-01,4.831462139426179,3.305554680124434
inflation_yoy,12,naive_last,2024-07-01,3.234858938184804,2.899044457787703
inflation_yoy,12,naive_last,2024-10-01,3.199530640608561,2.546152718143624
inflation_yoy,12,naive_last,2025-01-01,3.0416133525949185,2.9471209161693324
inflation_yoy,12,naive_last,2025-04-01,3.305554680124434,2.298763047316399
inflation_yoy,12,naive_last,2025-07-01,2.899044457787703,2.7056821032835465
inflation_yoy,12,naive_last,2025-10-01,2.546152718143624,2.8165537372436766
inflation_yoy,12,naive_last,2026-01-01,2.9471209161693324,2.363059941151935
inflation_yoy,12,naive_last,2026-04-01,2.298763047316399,3.709582098292774
inflation_yoy,12,naive_last,2026-07-01,2.7056821032835465,3.250451810204691
inflation_yoy,12,seasonal_naive,2016-01-01,-0.2301957253808773,1.2299080308038055
inflation_yoy,12,seasonal_naive,2016-04-01,-0.1040851391859831,1.1658037736477669
inflation_yoy,12,seasonal_naive,2016-07-01,0.2254318224615303,0.8646147538590832
inflation_yoy,12,seasonal_naive,2016-10-01,0.1275351999502127,1.671870990986957
inflation_yoy,12,seasonal_naive,2017-01-01,1.2299080308038055,2.4794005969470234
inflation_yoy,12,seasonal_naive,2017-04-01,1.1658037736477669,2.152881766915282
inflation_yoy,12,seasonal_naive,2017-07-01,0.8646147538590832,1.7103963201701156
inflation_yoy,12,seasonal_naive,2017-10-01,1.671870990986957,2.0006113975012063
inflation_yoy,12,seasonal_naive,2018-01-01,2.4794005969470234,2.128504628435035
inflation_yoy,12,seasonal_naive,2018-04-01,2.152881766915282,2.4409609642525254
inflation_yoy,12,seasonal_naive,2018-07-01,1.7103963201701156,2.814153417360909
inflation_yoy,12,seasonal_naive,2018-10-01,2.0006113975012063,2.4614877571210947
inflation_yoy,12,seasonal_naive,2019-01-01,2.128504628435035,1.4766332681220184
inflation_yoy,12,seasonal_naive,2019-04-01,2.4409609642525254,1.980834757598604
inflation_yoy,12,seasonal_naive,2019-07-01,2.814153417360909,1.8098542197341416
inflation_yoy,12,seasonal_naive,2019-10-01,2.4614877571210947,1.7191119291485537
inflation_yoy,12,seasonal_naive,2020-01-01,1.4766332681220184,2.566548531176416
inflation_yoy,12,seasonal_naive,2020-04-01,1.980834757598604,0.3125583212112204
inflation_yoy,12,seasonal_naive,2020-07-01,1.8098542197341416,0.9919288416800676
inflation_yoy,12,seasonal_naive,2020-10-01,1.7191119291485537,1.2228786101180944
inflation_yoy,12,seasonal_naive,2021-01-01,2.566548531176416,1.3644920352351877
inflation_yoy,12,seasonal_naive,2021-04-01,0.3125583212112204,4.049948282641136
inflation_yoy,12,seasonal_naive,2021-07-01,0.9919288416800676,5.112238890647802
inflation_yoy,12,seasonal_naive,2021-10-01,1.2228786101180944,6.048383440327498
inflation_yoy,12,seasonal_naive,2022-01-01,1.3644920352351877,7.286754203155343
inflation_yoy,12,seasonal_naive,2022-04-01,4.049948282641136,7.910458257893627
inflation_yoy,12,seasonal_naive,2022-07-01,5.112238890647802,8.12350125437833
inflation_yoy,12,seasonal_naive,2022-10-01,6.048383440327498,7.472533972171913
inflation_yoy,12,seasonal_naive,2023-01-01,7.286754203155343,6.1350744177162575
inflation_yoy,12,seasonal_naive,2023-04-01,7.910458257893627,4.831462139426179
inflation_yoy,12,seasonal_naive,2023-07-01,8.12350125437833,3.234858938184804
inflation_yoy,12,seasonal_naive,2023-10-01,7.472533972171913,3.199530640608561
inflation_yoy,12,seasonal_naive,2024-01-01,6.1350744177162575,3.0416133525949185
inflation_yoy,12,seasonal_naive,2024-04-01,4.831462139426179,3.305554680124434
inflation_yoy,12,seasonal_naive,2024-07-01,3.234858938184804,2.899044457787703
inflation_yoy,12,seasonal_naive,2024-10-01,3.199530640608561,2.546152718143624
inflation_yoy,12,seasonal_naive,2025-01-01,3.0416133525949185,2.9471209161693324
inflation_yoy,12,seasonal_naive,2025-04-01,3.305554680124434,2.298763047316399
inflation_yoy,12,seasonal_naive,2025-07-01,2.899044457787703,2.7056821032835465
inflation_yoy,12,seasonal_naive,2025-10-01,2.546152718143624,2.8165537372436766
inflation_yoy,12,seasonal_naive,2026-01-01,2.9471209161693324,2.363059941151935
inflation_yoy,12,seasonal_naive,2026-04-01,2.298763047316399,3.709582098292774
inflation_yoy,12,seasonal_naive,2026-07-01,2.7056821032835465,3.250451810204691
inflation_yoy,12,rolling_mean_12,2016-01-01,1.4548463509835778,1.2299080308038055
inflation_yoy,12,rolling_mean_12,2016-04-01,1.0446503914633236,1.1658037736477669
inflation_yoy,12,rolling_mean_12,2016-07-01,0.5698997904421373,0.8646147538590832
inflation_yoy,12,rolling_mean_12,2016-10-01,0.18740648747905078,1.671870990986957
inflation_yoy,12,rolling_mean_12,2017-01-01,0.24217025482278956,2.4794005969470234
inflation_yoy,12,rolling_mean_12,2017-04-01,0.5013673366309682,2.152881766915282
inflation_yoy,12,rolling_mean_12,2017-07-01,0.7156132755445318,1.7103963201701156
inflation_yoy,12,rolling_mean_12,2017-10-01,1.0390334310090399,2.0006113975012063
inflation_yoy,12,rolling_mean_12,2018-01-01,1.3621825114553232,2.128504628435035
inflation_yoy,12,rolling_mean_12,2018-04-01,1.7321138378213918,2.4409609642525254
inflation_yoy,12,rolling_mean_12,2018-07-01,1.9126265648912104,2.814153417360909
inflation_yoy,12,rolling_mean_12,2018-10-01,2.063383099981294,2.4614877571210947
inflation_yoy,12,rolling_mean_12,2019-01-01,2.080511535574877,1.4766332681220184
inflation_yoy,12,rolling_mean_12,2019-04-01,2.051098110141599,1.980834757598604
inflation_yoy,12,rolling_mean_12,2019-07-01,2.3135956423208537,1.8098542197341416
inflation_yoy,12,rolling_mean_12,2019-10-01,2.4225837105089707,1.7191119291485537
inflation_yoy,12,rolling_mean_12,2020-01-01,2.355794344387937,2.566548531176416
inflation_yoy,12,rolling_mean_12,2020-04-01,2.2200076282043866,0.3125583212112204
inflation_yoy,12,rolling_mean_12,2020-07-01,1.9633633657302345,0.9919288416800676
inflation_yoy,12,rolling_mean_12,2020-10-01,1.7747740468294044,1.2228786101180944
inflation_yoy,12,rolling_mean_12,2021-01-01,1.8869788763289523,1.3644920352351877
inflation_yoy,12,rolling_mean_12,2021-04-01,1.7833059393140616,4.049948282641136
inflation_yoy,12,rolling_mean_12,2021-07-01,1.5047077380694402,5.112238890647802
inflation_yoy,12,rolling_mean_12,2021-10-01,1.4017871511730506,6.048383440327498
inflation_yoy,12,rolling_mean_12,2022-01-01,1.1446930021574857,7.286754203155343
inflation_yoy,12,rolling_mean_12,2022-04-01,1.4971058496977996,7.910458257893627
inflation_yoy,12,rolling_mean_12,2022-07-01,2.5945654977338104,8.12350125437833
inflation_yoy,12,rolling_mean_12,2022-10-01,3.6285464793757676,7.472533972171913
inflation_yoy,12,rolling_mean_12,2023-01-01,5.048919067403324,6.1350744177162575
inflation_yoy,12,rolling_mean_12,2023-04-01,6.3350995082125605,4.831462139426179
inflation_yoy,12,rolling_mean_12,2023-07-01,7.155262623875246,3.234858938184804
inflation_yoy,12,rolling_mean_12,2023-10-01,7.735539272351044,3.199530640608561
inflation_yoy,12,rolling_mean_12,2024-01-01,7.5966998966187305,3.0416133525949185
inflation_yoy,12,rolling_mean_12,2024-04-01,6.900548334595694,3.305554680124434
inflation_yoy,12,rolling_mean_12,2024-07-01,5.683259945221008,2.899044457787703
inflation_yoy,12,rolling_mean_12,2024-10-01,4.6188380800216144,2.546152718143624
inflation_yoy,12,rolling_mean_12,2025-01-01,3.799291126878689,2.9471209161693324
inflation_yoy,12,rolling_mean_12,2025-04-01,3.3344630783568157,2.298763047316399
inflation_yoy,12,rolling_mean_12,2025-07-01,3.2270264833388285,2.7056821032835465
inflation_yoy,12,rolling_mean_12,2025-10-01,2.9805368109950305,2.8165537372436766
inflation_yoy,12,rolling_mean_12,2026-01-01,2.903165109329649,2.363059941151935
inflation_yoy,12,rolling_mean_12,2026-04-01,2.7010513646012146,3.709582098292774
inflation_yoy,12,rolling_mean_12,2026-07-01,2.5911748174225626,3.250451810204691
inflation_yoy,12,arima,2016-01-01,-0.6000495309956198,1.2299080308038055
inflation_yoy,12,arima,2016-04-01,-0.2192296436577152,1.1658037736477669
inflation_yoy,12,arima,2016-07-01,0.21207703869789582,0.8646147538590832
inflation_yoy,12,arima,2016-10-01,0.2026684253659316,1.671870990986957
inflation_yoy,12,arima,2017-01-01,1.5024989888496811,2.4794005969470234
inflation_yoy,12,arima,2017-04-01,1.3762429179880133,2.152881766915282
inflation_yoy,12,arima,2017-07-01,0.7933668023225617,1.7103963201701156
inflation_yoy,12,arima,2017-10-01,1.6701495481554771,2.0006113975012063
inflation_yoy,12,arima,2018-01-01,2.664587684728546,2.128504628435035
inflation_yoy,12,arima,2018-04-01,2.051316752381159,2.4409609642525254
inflation_yoy,12,arima,2018-07-01,1.7871336086991298,2.814153417360909
inflation_yoy,12,arima,2018-10-01,1.9016286049811852,2.4614877571210947
inflation_yoy,12,arima,2019-01-01,2.1106816945590694,1.4766332681220184
inflation_yoy,12,arima,2019-04-01,2.495788719537981,1.980834757598604
inflation_yoy,12,arima,2019-07-01,2.8195629835744778,1.8098542197341416
inflation_yoy,12,arima,2019-10-01,2.583100975792177,1.7191119291485537
inflation_yoy,12,arima,2020-01-01,1.2884509082750142,2.566548531176416
inflation_yoy,12,arima,2020-04-01,1.9752142257763645,0.3125583212112204
inflation_yoy,12,arima,2020-07-01,1.9040651305499363,0.9919288416800676
inflation_yoy,12,arima,2020-10-01,1.7685243293123576,1.2228786101180944
inflation_yoy,12,arima,2021-01-01,2.6624228052732777,1.3644920352351877
inflation_yoy,12,arima,2021-04-01,-0.17717925265134427,4.049948282641136
inflation_yoy,12,arima,2021-07-01,1.0319966161560286,5.112238890647802
inflation_yoy,12,arima,2021-10-01,1.1102533104857053,6.048383440327498
inflation_yoy,12,arima,2022-01-01,1.366198436731407,7.286754203155343
inflation_yoy,12,arima,2022-04-01,4.675528194667496,7.910458257893627
inflation_yoy,12,arima,2022-07-01,5.076117787219136,8.12350125437833
inflation_yoy,12,arima,2022-10-01,6.473281685575509,7.472533972171913
inflation_yoy,12,arima,2023-01-01,7.465897777201785,6.1350744177162575
inflation_yoy,12,arima,2023-04-01,7.685328693896948,4.831462139426179
inflation_yoy,12,arima,2023-07-01,7.767446541524073,3.234858938184804
inflation_yoy,12,arima,2023-10-01,7.224731234205128,3.199530640608561
inflation_yoy,12,arima,2024-01-01,6.169040467868244,3.0416133525949185
inflation_yoy,12,arima,2024-04-01,4.980140944114425,3.305554680124434
inflation_yoy,12,arima,2024-07-01,3.522948111826486,2.899044457787703
inflation_yoy,12,arima,2024-10-01,3.0046492942636625,2.546152718143624
inflation_yoy,12,arima,2025-01-01,2.895470861477769,2.9471209161693324
inflation_yoy,12,arima,2025-04-01,3.1850719989060683,2.298763047316399
inflation_yoy,12,arima,2025-07-01,2.8976124110403267,2.7056821032835465
inflation_yoy,12,arima,2025-10-01,2.665045400419723,2.8165537372436766
inflation_yoy,12,arima,2026-01-01,2.999726824927017,2.363059941151935
inflation_yoy,12,arima,2026-04-01,2.327389951075343,3.709582098292774
inflation_yoy,12,arima,2026-07-01,2.7131759969906746,3.250451810204691
inflation_yoy,12,sarima,2016-01-01,-0.5315799223435647,1.2299080308038055
inflation_yoy,12,sarima,2016-04-01,1.2128105943171716,1.1658037736477669
inflation_yoy,12,sarima,2016-07-01,1.8856242113132582,0.8646147538590832
inflation_yoy,12,sarima,2016-10-01,1.391156145522993,1.671870990986957
inflation_yoy,12,sarima,2017-01-01,0.5692646061082178,2.4794005969470234
inflation_yoy,12,sarima,2017-04-01,1.7982401336612792,2.152881766915282
inflation_yoy,12,sarima,2017-07-01,1.601878085408961,1.7103963201701156
inflation_yoy,12,sarima,2017-10-01,2.159456725069753,2.0006113975012063
inflation_yoy,12,sarima,2018-01-01,2.6061783749418246,2.128504628435035
inflation_yoy,12,sarima,2018-04-01,2.1696339074885924,2.4409609642525254
inflation_yoy,12,sarima,2018-07-01,1.5683199363415976,2.814153417360909
inflation_yoy,12,sarima,2018-10-01,2.2599884706006406,2.4614877571210947
inflation_yoy,12,sarima,2019-01-01,3.1746385317897063,1.4766332681220184
inflation_yoy,12,sarima,2019-04-01,2.829172776158789,1.980834757598604
inflation_yoy,12,sarima,2019-07-01,2.2141582886874405,1.8098542197341416
inflation_yoy,12,sarima,2019-10-01,2.5535461516437064,1.7191119291485537
inflation_yoy,12,sarima,2020-01-01,1.7777843843668357,2.566548531176416
inflation_yoy,12,sarima,2020-04-01,2.9104494723468237,0.3125583212112204
inflation_yoy,12,sarima,2020-07-01,2.3771196270445425,0.9919288416800676
inflation_yoy,12,sarima,2020-10-01,2.516561269275132,1.2228786101180944
inflation_yoy,12,sarima,2021-01-01,2.4729396753078925,1.3644920352351877
inflation_yoy,12,sarima,2021-04-01,-0.011512328800367455,4.049948282641136
inflation_yoy,12,sarima,2021-07-01,2.1828703496810737,5.112238890647802
inflation_yoy,12,sarima,2021-10-01,2.2041194857062365,6.048383440327498
inflation_yoy,12,sarima,2022-01-01,2.788136887830269,7.286754203155343
inflation_yoy,12,sarima,2022-04-01,3.437770070827713,7.910458257893627
inflation_yoy,12,sarima,2022-07-01,4.428871595786452,8.12350125437833
inflation_yoy,12,sarima,2022-10-01,5.433341623042197,7.472533972171913
inflation_yoy,12,sarima,2023-01-01,5.646986778549247,6.1350744177162575
inflation_yoy,12,sarima,2023-04-01,5.821310152368407,4.831462139426179
inflation_yoy,12,sarima,2023-07-01,5.787124978440247,3.234858938184804
inflation_yoy,12,sarima,2023-10-01,5.786496128513629,3.199530640608561
inflation_yoy,12,sarima,2024-01-01,5.2173185783511515,3.0416133525949185
inflation_yoy,12,sarima,2024-04-01,4.64637628572849,3.305554680124434
inflation_yoy,12,sarima,2024-07-01,3.99542212359484,2.899044457787703
inflation_yoy,12,sarima,2024-10-01,3.8888263887079644,2.546152718143624
inflation_yoy,12,sarima,2025-01-01,3.74314734151114,2.9471209161693324
inflation_yoy,12,sarima,2025-04-01,3.7694085460960043,2.298763047316399
inflation_yoy,12,sarima,2025-07-01,2.9308786537111833,2.7056821032835465
inflation_yoy,12,sarima,2025-10-01,3.0242332965695393,2.8165537372436766
inflation_yoy,12,sarima,2026-01-01,3.5633547850639427,2.363059941151935
inflation_yoy,12,sarima,2026-04-01,3.0774004423669554,3.709582098292774
inflation_yoy,12,sarima,2026-07-01,2.852859825724985,3.250451810204691
inflation_yoy,12,ols,2016-01-01,0.5598308250963001,1.2299080308038055
inflation_yoy,12,ols,2016-04-01,0.37774985692408736,1.1658037736477669
inflation_yoy,12,ols,2016-07-01,0.36003520523443966,0.8646147538590832
inflation_yoy,12,ols,2016-10-01,0.4853852618734078,1.671870990986957
inflation_yoy,12,ols,2017-01-01,1.1360667029118798,2.4794005969470234
inflation_yoy,12,ols,2017-04-01,1.3870713219553925,2.152881766915282
inflation_yoy,12,ols,2017-07-01,1.1599111100025477,1.7103963201701156
inflation_yoy,12,ols,2017-10-01,1.7772612895365056,2.0006113975012063
inflation_yoy,12,ols,2018-01-01,2.866010361612382,2.128504628435035
inflation_yoy,12,ols,2018-04-01,2.461971672884251,2.4409609642525254
inflation_yoy,12,ols,2018-07-01,2.3082554449623824,2.814153417360909
inflation_yoy,12,ols,2018-10-01,2.1177174416064517,2.4614877571210947
inflation_yoy,12,ols,2019-01-01,2.464498869228481,1.4766332681220184
inflation_yoy,12,ols,2019-04-01,2.713983904172678,1.980834757598604
inflation_yoy,12,ols,2019-07-01,2.9004008534005665,1.8098542197341416
inflation_yoy,12,ols,2019-10-01,2.9774303340369688,1.7191119291485537
inflation_yoy,12,ols,2020-01-01,1.6664608518525552,2.566548531176416
inflation_yoy,12,ols,2020-04-01,1.9643130317628528,0.3125583212112204
inflation_yoy,12,ols,2020-07-01,2.026329242333781,0.9919288416800676
inflation_yoy,12,ols,2020-10-01,1.9074375479642338,1.2228786101180944
inflation_yoy,12,ols,2021-01-01,2.615260200278273,1.3644920352351877
inflation_yoy,12,ols,2021-04-01,0.8015035386281455,4.049948282641136
inflation_yoy,12,ols,2021-07-01,2.1222239952435284,5.112238890647802
inflation_yoy,12,ols,2021-10-01,3.0447483022889315,6.048383440327498
inflation_yoy,12,ols,2022-01-01,3.743139626241942,7.286754203155343
inflation_yoy,12,ols,2022-04-01,6.620258528013204,7.910458257893627
inflation_yoy,12,ols,2022-07-01,6.3067019101050885,8.12350125437833
inflation_yoy,12,ols,2022-10-01,7.402359447351795,7.472533972171913
inflation_yoy,12,ols,2023-01-01,8.060610681718208,6.1350744177162575
inflation_yoy,12,ols,2023-04-01,7.551951198606286,4.831462139426179
inflation_yoy,12,ols,2023-07-01,6.654167761423437,3.234858938184804
inflation_yoy,12,ols,2023-10-01,5.654295097138467,3.199530640608561
inflation_yoy,12,ols,2024-01-01,3.6211520988531056,3.0416133525949185
inflation_yoy,12,ols,2024-04-01,1.8539169528249042,3.305554680124434
inflation_yoy,12,ols,2024-07-01,0.6158754842024676,2.899044457787703
inflation_yoy,12,ols,2024-10-01,-0.10614027381793872,2.546152718143624
inflation_yoy,12,ols,2025-01-01,0.5809086639515804,2.9471209161693324
inflation_yoy,12,ols,2025-04-01,1.48275420380337,2.298763047316399
inflation_yoy,12,ols,2025-07-01,2.0489373284810224,2.7056821032835465
inflation_yoy,12,ols,2025-10-01,1.999956125184613,2.8165537372436766
inflation_yoy,12,ols,2026-01-01,2.3749237445480875,2.363059941151935
inflation_yoy,12,ols,2026-04-01,2.1739577967467323,3.709582098292774
inflation_yoy,12,ols,2026-07-01,2.3607615804240583,3.250451810204691
inflation_yoy,12,random_forest,2016-01-01,1.9741326752431703,1.2299080308038055
inflation_yoy,12,random_forest,2016-04-01,1.1323289170368918,1.1658037736477669
inflation_yoy,12,random_forest,2016-07-01,1.667265607105139,0.8646147538590832
inflation_yoy,12,random_forest,2016-10-01,1.4234664138719813,1.671870990986957
inflation_yoy,12,random_forest,2017-01-01,1.4195872044053781,2.4794005969470234
inflation_yoy,12,random_forest,2017-04-01,1.3093340742862223,2.152881766915282
inflation_yoy,12,random_forest,2017-07-01,1.6426808190987392,1.7103963201701156
inflation_yoy,12,random_forest,2017-10-01,1.6039933188819628,2.0006113975012063
inflation_yoy,12,random_forest,2018-01-01,1.903505556532995,2.128504628435035
inflation_yoy,12,random_forest,2018-04-01,2.2763477829685717,2.4409609642525254
inflation_yoy,12,random_forest,2018-07-01,2.7665970915661853,2.814153417360909
inflation_yoy,12,random_forest,2018-10-01,2.677843474364035,2.4614877571210947
inflation_yoy,12,random_forest,2019-01-01,3.321724695198203,1.4766332681220184
inflation_yoy,12,random_forest,2019-04-01,3.5440987043319456,1.980834757598604
inflation_yoy,12,random_forest,2019-07-01,3.399076888720281,1.8098542197341416
inflation_yoy,12,random_forest,2019-10-01,3.6422555457793933,1.7191119291485537
inflation_yoy,12,random_forest,2020-01-01,2.668351308878674,2.566548531176416
inflation_yoy,12,random_forest,2020-04-01,2.1783199015494397,0.3125583212112204
inflation_yoy,12,random_forest,2020-07-01,1.79195954527845,0.9919288416800676
inflation_yoy,12,random_forest,2020-10-01,2.347695290400487,1.2228786101180944
inflation_yoy,12,random_forest,2021-01-01,2.2187446121709544,1.3644920352351877
inflation_yoy,12,random_forest,2021-04-01,2.355697566437543,4.049948282641136
inflation_yoy,12,random_forest,2021-07-01,1.989288266690072,5.112238890647802
inflation_yoy,12,random_forest,2021-10-01,1.9667294777136581,6.048383440327498
inflation_yoy,12,random_forest,2022-01-01,1.006945821865874,7.286754203155343
inflation_yoy,12,random_forest,2022-04-01,0.8170840256501036,7.910458257893627
inflation_yoy,12,random_forest,2022-07-01,2.4918526454004915,8.12350125437833
inflation_yoy,12,random_forest,2022-10-01,7.111218752415616,7.472533972171913
inflation_yoy,12,random_forest,2023-01-01,9.778190625194544,6.1350744177162575
inflation_yoy,12,random_forest,2023-04-01,10.413604665725515,4.831462139426179
inflation_yoy,12,random_forest,2023-07-01,8.349846051861515,3.234858938184804
inflation_yoy,12,random_forest,2023-10-01,7.79964367374013,3.199530640608561
inflation_yoy,12,random_forest,2024-01-01,5.244082800417194,3.0416133525949185
inflation_yoy,12,random_forest,2024-04-01,4.1846952832135536,3.305554680124434
inflation_yoy,12,random_forest,2024-07-01,3.346383856016938,2.899044457787703
inflation_yoy,12,random_forest,2024-10-01,3.1362430861931165,2.546152718143624
inflation_yoy,12,random_forest,2025-01-01,3.0015772564263385,2.9471209161693324
inflation_yoy,12,random_forest,2025-04-01,2.527762461350241,2.298763047316399
inflation_yoy,12,random_forest,2025-07-01,2.7840786448695134,2.7056821032835465
inflation_yoy,12,random_forest,2025-10-01,3.189887850517149,2.8165537372436766
inflation_yoy,12,random_forest,2026-01-01,3.243230684062885,2.363059941151935
inflation_yoy,12,random_forest,2026-04-01,3.4407586995187183,3.709582098292774
inflation_yoy,12,random_forest,2026-07-01,3.4736250316569883,3.250451810204691
inflation_yoy,12,gradient_boosting,2016-01-01,1.3921847317214855,1.2299080308038055
inflation_yoy,12,gradient_boosting,2016-04-01,1.3019463527914243,1.1658037736477669
inflation_yoy,12,gradient_boosting,2016-07-01,0.35334032653413366,0.8646147538590832
inflation_yoy,12,gradient_boosting,2016-10-01,0.6663680258913065,1.671870990986957
inflation_yoy,12,gradient_boosting,2017-01-01,1.4019147967964665,2.4794005969470234
inflation_yoy,12,gradient_boosting,2017-04-01,1.3883456107542065,2.152881766915282
inflation_yoy,12,gradient_boosting,2017-07-01,1.2647891349219287,1.7103963201701156
inflation_yoy,12,gradient_boosting,2017-10-01,1.5065356424643466,2.0006113975012063
inflation_yoy,12,gradient_boosting,2018-01-01,2.3469987470724516,2.128504628435035
inflation_yoy,12,gradient_boosting,2018-04-01,2.8301785750275394,2.4409609642525254
inflation_yoy,12,gradient_boosting,2018-07-01,3.311969766056747,2.814153417360909
inflation_yoy,12,gradient_boosting,2018-10-01,3.152421533107915,2.4614877571210947
inflation_yoy,12,gradient_boosting,2019-01-01,3.2186496792272985,1.4766332681220184
inflation_yoy,12,gradient_boosting,2019-04-01,3.9616531378228217,1.980834757598604
inflation_yoy,12,gradient_boosting,2019-07-01,3.406508876329623,1.8098542197341416
inflation_yoy,12,gradient_boosting,2019-10-01,4.26425467140617,1.7191119291485537
inflation_yoy,12,gradient_boosting,2020-01-01,3.691003259237062,2.566548531176416
inflation_yoy,12,gradient_boosting,2020-04-01,2.9065620057202977,0.3125583212112204
inflation_yoy,12,gradient_boosting,2020-07-01,2.384779236730798,0.9919288416800676
inflation_yoy,12,gradient_boosting,2020-10-01,2.0614410170037667,1.2228786101180944
inflation_yoy,12,gradient_boosting,2021-01-01,1.903000530696717,1.3644920352351877
inflation_yoy,12,gradient_boosting,2021-04-01,3.0124025657126063,4.049948282641136
inflation_yoy,12,gradient_boosting,2021-07-01,2.2393897918788004,5.112238890647802
inflation_yoy,12,gradient_boosting,2021-10-01,1.6689181211178277,6.048383440327498
inflation_yoy,12,gradient_boosting,2022-01-01,0.4142489390480836,7.286754203155343
inflation_yoy,12,gradient_boosting,2022-04-01,1.2319650392960775,7.910458257893627
inflation_yoy,12,gradient_boosting,2022-07-01,1.7054474284731753,8.12350125437833
inflation_yoy,12,gradient_boosting,2022-10-01,7.321397307681649,7.472533972171913
inflation_yoy,12,gradient_boosting,2023-01-01,7.567951880285963,6.1350744177162575
inflation_yoy,12,gradient_boosting,2023-04-01,9.843973162962373,4.831462139426179
inflation_yoy,12,gradient_boosting,2023-07-01,7.469820933355023,3.234858938184804
inflation_yoy,12,gradient_boosting,2023-10-01,7.174396917102379,3.199530640608561
inflation_yoy,12,gradient_boosting,2024-01-01,4.108903165410296,3.0416133525949185
inflation_yoy,12,gradient_boosting,2024-04-01,2.7695604433360694,3.305554680124434
inflation_yoy,12,gradient_boosting,2024-07-01,2.7875934542824776,2.899044457787703
inflation_yoy,12,gradient_boosting,2024-10-01,3.3904087444741413,2.546152718143624
inflation_yoy,12,gradient_boosting,2025-01-01,2.7633241239933604,2.9471209161693324
inflation_yoy,12,gradient_boosting,2025-04-01,2.077216153465874,2.298763047316399
inflation_yoy,12,gradient_boosting,2025-07-01,2.8694074180101485,2.7056821032835465
inflation_yoy,12,gradient_boosting,2025-10-01,3.267093410595674,2.8165537372436766
inflation_yoy,12,gradient_boosting,2026-01-01,2.3508768080047413,2.363059941151935
inflation_yoy,12,gradient_boosting,2026-04-01,3.5137097709177314,3.709582098292774
inflation_yoy,12,gradient_boosting,2026-07-01,2.942623516096865,3.250451810204691
unemployment_rate,1,naive_last,2016-01-01,5.0,4.8
unemployment_rate,1,naive_last,2016-04-01,5.0,5.1
unemployment_rate,1,naive_last,2016-07-01,4.9,4.8
unemployment_rate,1,naive_last,2016-10-01,5.0,4.9
unemployment_rate,1,naive_last,2017-01-01,4.7,4.7
unemployment_rate,1,naive_last,2017-04-01,4.4,4.4
unemployment_rate,1,naive_last,2017-07-01,4.3,4.3
unemployment_rate,1,naive_last,2017-10-01,4.3,4.2
unemployment_rate,1,naive_last,2018-01-01,4.1,4.0
unemployment_rate,1,naive_last,2018-04-01,4.0,4.0
unemployment_rate,1,naive_last,2018-07-01,4.0,3.8
unemployment_rate,1,naive_last,2018-10-01,3.7,3.8
unemployment_rate,1,naive_last,2019-01-01,3.9,4.0
unemployment_rate,1,naive_last,2019-04-01,3.8,3.7
unemployment_rate,1,naive_last,2019-07-01,3.6,3.7
unemployment_rate,1,naive_last,2019-10-01,3.5,3.6
unemployment_rate,1,naive_last,2020-01-01,3.6,3.6
unemployment_rate,1,naive_last,2020-04-01,4.4,14.8
unemployment_rate,1,naive_last,2020-07-01,11.0,10.2
unemployment_rate,1,naive_last,2020-10-01,7.8,6.9
unemployment_rate,1,naive_last,2021-01-01,6.7,6.4
unemployment_rate,1,naive_last,2021-04-01,6.1,6.1
unemployment_rate,1,naive_last,2021-07-01,5.9,5.4
unemployment_rate,1,naive_last,2021-10-01,4.7,4.5
unemployment_rate,1,naive_last,2022-01-01,3.9,4.0
unemployment_rate,1,naive_last,2022-04-01,3.7,3.7
unemployment_rate,1,naive_last,2022-07-01,3.6,3.5
unemployment_rate,1,naive_last,2022-10-01,3.5,3.6
unemployment_rate,1,naive_last,2023-01-01,3.5,3.5
unemployment_rate,1,naive_last,2023-04-01,3.5,3.4
unemployment_rate,1,naive_last,2023-07-01,3.6,3.5
unemployment_rate,1,naive_last,2023-10-01,3.7,3.9
unemployment_rate,1,naive_last,2024-01-01,3.8,3.7
unemployment_rate,1,naive_last,2024-04-01,3.9,3.9
unemployment_rate,1,naive_last,2024-07-01,4.1,4.2
unemployment_rate,1,naive_last,2024-10-01,4.1,4.1
unemployment_rate,1,naive_last,2025-01-01,4.1,4.0
unemployment_rate,1,naive_last,2025-04-01,4.2,4.2
unemployment_rate,1,naive_last,2025-07-01,4.1,4.3
unemployment_rate,1,naive_last,2025-10-01,4.4,4.449180327868852
unemployment_rate,1,naive_last,2026-01-01,4.4,4.3
unemployment_rate,1,naive_last,2026-04-01,4.3,4.3
unemployment_rate,1,naive_last,2026-07-01,4.2,4.1
unemployment_rate,1,seasonal_naive,2016-01-01,5.7,4.8
unemployment_rate,1,seasonal_naive,2016-04-01,5.4,5.1
unemployment_rate,1,seasonal_naive,2016-07-01,5.2,4.8
unemployment_rate,1,seasonal_naive,2016-10-01,5.0,4.9
unemployment_rate,1,seasonal_naive,2017-01-01,4.8,4.7
unemployment_rate,1,seasonal_naive,2017-04-01,5.1,4.4
unemployment_rate,1,seasonal_naive,2017-07-01,4.8,4.3
unemployment_rate,1,seasonal_naive,2017-10-01,4.9,4.2
unemployment_rate,1,seasonal_naive,2018-01-01,4.7,4.0
unemployment_rate,1,seasonal_naive,2018-04-01,4.4,4.0
unemployment_rate,1,seasonal_naive,2018-07-01,4.3,3.8
unemployment_rate,1,seasonal_naive,2018-10-01,4.2,3.8
unemployment_rate,1,seasonal_naive,2019-01-01,4.0,4.0
unemployment_rate,1,seasonal_naive,2019-04-01,4.0,3.7
unemployment_rate,1,seasonal_naive,2019-07-01,3.8,3.7
unemployment_rate,1,seasonal_naive,2019-10-01,3.8,3.6
unemployment_rate,1,seasonal_naive,2020-01-01,4.0,3.6
unemployment_rate,1,seasonal_naive,2020-04-01,3.7,14.8
unemployment_rate,1,seasonal_naive,2020-07-01,3.7,10.2
unemployment_rate,1,seasonal_naive,2020-10-01,3.6,6.9
unemployment_rate,1,seasonal_naive,2021-01-01,3.6,6.4
unemployment_rate,1,seasonal_naive,2021-04-01,14.8,6.1
unemployment_rate,1,seasonal_naive,2021-07-01,10.2,5.4
unemployment_rate,1,seasonal_naive,2021-10-01,6.9,4.5
unemployment_rate,1,seasonal_naive,2022-01-01,6.4,4.0
unemployment_rate,1,seasonal_naive,2022-04-01,6.1,3.7
unemployment_rate,1,seasonal_naive,2022-07-01,5.4,3.5
unemployment_rate,1,seasonal_naive,2022-10-01,4.5,3.6
unemployment_rate,1,seasonal_naive,2023-01-01,4.0,3.5
unemployment_rate,1,seasonal_naive,2023-04-01,3.7,3.4
unemployment_rate,1,seasonal_naive,2023-07-01,3.5,3.5
unemployment_rate,1,seasonal_naive,2023-10-01,3.6,3.9
unemployment_rate,1,seasonal_naive,2024-01-01,3.5,3.7
unemployment_rate,1,seasonal_naive,2024-04-01,3.4,3.9
unemployment_rate,1,seasonal_naive,2024-07-01,3.5,4.2
unemployment_rate,1,seasonal_naive,2024-10-01,3.9,4.1
unemployment_rate,1,seasonal_naive,2025-01-01,3.7,4.0
unemployment_rate,1,seasonal_naive,2025-04-01,3.9,4.2
unemployment_rate,1,seasonal_naive,2025-07-01,4.2,4.3
unemployment_rate,1,seasonal_naive,2025-10-01,4.1,4.449180327868852
unemployment_rate,1,seasonal_naive,2026-01-01,4.0,4.3
unemployment_rate,1,seasonal_naive,2026-04-01,4.2,4.3
unemployment_rate,1,seasonal_naive,2026-07-01,4.3,4.1
unemployment_rate,1,rolling_mean_12,2016-01-01,5.275,4.8
unemployment_rate,1,rolling_mean_12,2016-04-01,5.116666666666666,5.1
unemployment_rate,1,rolling_mean_12,2016-07-01,4.991666666666666,4.8
unemployment_rate,1,rolling_mean_12,2016-10-01,4.9416666666666655,4.9
unemployment_rate,1,rolling_mean_12,2017-01-01,4.875,4.7
unemployment_rate,1,rolling_mean_12,2017-04-01,4.791666666666667,4.4
unemployment_rate,1,rolling_mean_12,2017-07-01,4.6499999999999995,4.3
unemployment_rate,1,rolling_mean_12,2017-10-01,4.508333333333332,4.2
unemployment_rate,1,rolling_mean_12,2018-01-01,4.358333333333333,4.0
unemployment_rate,1,rolling_mean_12,2018-04-01,4.2250000000000005,4.0
unemployment_rate,1,rolling_mean_12,2018-07-01,4.116666666666666,3.8
unemployment_rate,1,rolling_mean_12,2018-10-01,3.9749999999999996,3.8
unemployment_rate,1,rolling_mean_12,2019-01-01,3.891666666666666,4.0
unemployment_rate,1,rolling_mean_12,2019-04-01,3.8499999999999996,3.7
unemployment_rate,1,rolling_mean_12,2019-07-01,3.7750000000000004,3.7
unemployment_rate,1,rolling_mean_12,2019-10-01,3.733333333333334,3.6
unemployment_rate,1,rolling_mean_12,2020-01-01,3.6750000000000003,3.6
unemployment_rate,1,rolling_mean_12,2020-04-01,3.6666666666666665,14.8
unemployment_rate,1,rolling_mean_12,2020-07-01,6.008333333333334,10.2
unemployment_rate,1,rolling_mean_12,2020-10-01,7.308333333333334,6.9
unemployment_rate,1,rolling_mean_12,2021-01-01,8.1,6.4
unemployment_rate,1,rolling_mean_12,2021-04-01,8.700000000000001,6.1
unemployment_rate,1,rolling_mean_12,2021-07-01,6.933333333333333,5.4
unemployment_rate,1,rolling_mean_12,2021-10-01,6.0,4.5
unemployment_rate,1,rolling_mean_12,2022-01-01,5.3500000000000005,4.0
unemployment_rate,1,rolling_mean_12,2022-04-01,4.758333333333333,3.7
unemployment_rate,1,rolling_mean_12,2022-07-01,4.1833333333333345,3.5
unemployment_rate,1,rolling_mean_12,2022-10-01,3.8000000000000003,3.6
unemployment_rate,1,rolling_mean_12,2023-01-01,3.6500000000000004,3.5
unemployment_rate,1,rolling_mean_12,2023-04-01,3.566666666666667,3.4
unemployment_rate,1,rolling_mean_12,2023-07-01,3.5416666666666665,3.5
unemployment_rate,1,rolling_mean_12,2023-10-01,3.566666666666667,3.9
unemployment_rate,1,rolling_mean_12,2024-01-01,3.625,3.7
unemployment_rate,1,rolling_mean_12,2024-04-01,3.6999999999999997,3.9
unemployment_rate,1,rolling_mean_12,2024-07-01,3.808333333333333,4.2
unemployment_rate,1,rolling_mean_12,2024-10-01,3.941666666666667,4.1
unemployment_rate,1,rolling_mean_12,2025-01-01,4.025,4.0
unemployment_rate,1,rolling_mean_12,2025-04-01,4.1000000000000005,4.2
unemployment_rate,1,rolling_mean_12,2025-07-01,4.158333333333334,4.3
unemployment_rate,1,rolling_mean_12,2025-10-01,4.199999999999999,4.449180327868852
unemployment_rate,1,rolling_mean_12,2026-01-01,4.279098360655738,4.3
unemployment_rate,1,rolling_mean_12,2026-04-01,4.329098360655737,4.3
unemployment_rate,1,rolling_mean_12,2026-07-01,4.345765027322404,4.1
unemployment_rate,1,arima,2016-01-01,5.008686460310055,4.8
unemployment_rate,1,arima,2016-04-01,4.985242376086799,5.1
unemployment_rate,1,arima,2016-07-01,4.884747577439326,4.8
unemployment_rate,1,arima,2016-10-01,5.009441212569158,4.9
unemployment_rate,1,arima,2017-01-01,4.677685616096537,4.7
unemployment_rate,1,arima,2017-04-01,4.392291013331516,4.4
unemployment_rate,1,arima,2017-07-01,4.291235138484406,4.3
unemployment_rate,1,arima,2017-10-01,4.328791498469449,4.2
unemployment_rate,1,arima,2018-01-01,4.1031657190604856,4.0
unemployment_rate,1,arima,2018-04-01,4.013228660297214,4.0
unemployment_rate,1,arima,2018-07-01,3.9701059574957682,3.8
unemployment_rate,1,arima,2018-10-01,3.705377764621997,3.8
unemployment_rate,1,arima,2019-01-01,3.925253538266621,4.0
unemployment_rate,1,arima,2019-04-01,3.824369341178903,3.7
unemployment_rate,1,arima,2019-07-01,3.5839286157833,3.7
unemployment_rate,1,arima,2019-10-01,3.521570503641954,3.6
unemployment_rate,1,arima,2020-01-01,3.6320283897425525,3.6
unemployment_rate,1,arima,2020-04-01,4.3704711516421995,14.8
unemployment_rate,1,arima,2020-07-01,11.497186369479195,10.2
unemployment_rate,1,arima,2020-10-01,7.780290068047668,6.9
unemployment_rate,1,arima,2021-01-01,6.782733966283963,6.4
unemployment_rate,1,arima,2021-04-01,6.064360348910831,6.1
unemployment_rate,1,arima,2021-07-01,5.9381493668094,5.4
unemployment_rate,1,arima,2021-10-01,4.704605517779141,4.5
unemployment_rate,1,arima,2022-01-01,3.9991412001910747,4.0
unemployment_rate,1,arima,2022-04-01,3.768050158883804,3.7
unemployment_rate,1,arima,2022-07-01,3.6910992236842417,3.5
unemployment_rate,1,arima,2022-10-01,3.5589964243041674,3.6
unemployment_rate,1,arima,2023-01-01,3.5894468388563765,3.5
unemployment_rate,1,arima,2023-04-01,3.564446889830819,3.4
unemployment_rate,1,arima,2023-07-01,3.664206207612777,3.5
unemployment_rate,1,arima,2023-10-01,3.7572978133506063,3.9
unemployment_rate,1,arima,2024-01-01,3.9001679677288505,3.7
unemployment_rate,1,arima,2024-04-01,3.931437572388934,3.9
unemployment_rate,1,arima,2024-07-01,4.179667381964459,4.2
unemployment_rate,1,arima,2024-10-01,4.144280916405025,4.1
unemployment_rate,1,arima,2025-01-01,4.151195326055651,4.0
unemployment_rate,1,arima,2025-04-01,4.238435951825286,4.2
unemployment_rate,1,arima,2025-07-01,4.144632345169799,4.3
unemployment_rate,1,arima,2025-10-01,4.467173306930202,4.449180327868852
unemployment_rate,1,arima,2026-01-01,4.429594100303933,4.3
unemployment_rate,1,arima,2026-04-01,4.3402638366558515,4.3
unemployment_rate,1,arima,2026-07-01,4.250747951140686,4.1
unemployment_rate,1,sarima,2016-01-01,4.969770013247925,4.8
unemployment_rate,1,sarima,2016-04-01,4.971757456114524,5.1
unemployment_rate,1,sarima,2016-07-01,4.904608848038783,4.8
unemployment_rate,1,sarima,2016-10-01,5.018911780096705,4.9
unemployment_rate,1,sarima,2017-01-01,4.713085583818701,4.7
unemployment_rate,1,sarima,2017-04-01,4.3670357581407035,4.4
unemployment_rate,1,sarima,2017-07-01,4.287507669559114,4.3
unemployment_rate,1,sarima,2017-10-01,4.32373691415203,4.2
unemployment_rate,1,sarima,2018-01-01,4.0913960240610665,4.0
unemployment_rate,1,sarima,2018-04-01,4.004035996375928,4.0
unemployment_rate,1,sarima,2018-07-01,3.987475882124616,3.8
unemployment_rate,1,sarima,2018-10-01,3.710616490722318,3.8
unemployment_rate,1,sarima,2019-01-01,3.963330191121713,4.0
unemployment_rate,1,sarima,2019-04-01,3.8175530404121214,3.7
unemployment_rate,1,sarima,2019-07-01,3.611260450405661,3.7
unemployment_rate,1,sarima,2019-10-01,3.497401611330488,3.6
unemployment_rate,1,sarima,2020-01-01,3.6143453551376665,3.6
unemployment_rate,1,sarima,2020-04-01,4.3671189326494115,14.8
unemployment_rate,1,sarima,2020-07-01,11.341809023801506,10.2
unemployment_rate,1,sarima,2020-10-01,7.862889430368087,6.9
unemployment_rate,1,sarima,2021-01-01,6.6729970350639265,6.4
unemployment_rate,1,sarima,2021-04-01,5.3966546479015545,6.1
unemployment_rate,1,sarima,2021-07-01,5.941388080541938,5.4
unemployment_rate,1,sarima,2021-10-01,4.710884898739297,4.5
unemployment_rate,1,sarima,2022-01-01,3.9914152456936254,4.0
unemployment_rate,1,sarima,2022-04-01,3.7713566083837495,3.7
unemployment_rate,1,sarima,2022-07-01,3.684033841073533,3.5
unemployment_rate,1,sarima,2022-10-01,3.5556872257918544,3.6
unemployment_rate,1,sarima,2023-01-01,3.5820459064063144,3.5
unemployment_rate,1,sarima,2023-04-01,3.5619001100765466,3.4
unemployment_rate,1,sarima,2023-07-01,3.6554081979770157,3.5
unemployment_rate,1,sarima,2023-10-01,3.75181094880395,3.9
unemployment_rate,1,sarima,2024-01-01,3.8972368600822294,3.7
unemployment_rate,1,sarima,2024-04-01,3.930614163852125,3.9
unemployment_rate,1,sarima,2024-07-01,4.170874545627476,4.2
unemployment_rate,1,sarima,2024-10-01,4.146694528145462,4.1
unemployment_rate,1,sarima,2025-01-01,4.143309790927192,4.0
unemployment_rate,1,sarima,2025-04-01,4.2341265002446615,4.2
unemployment_rate,1,sarima,2025-07-01,4.138790670438543,4.3
unemployment_rate,1,sarima,2025-10-01,4.463836474239932,4.449180327868852
unemployment_rate,1,sarima,2026-01-01,4.429209560889131,4.3
unemployment_rate,1,sarima,2026-04-01,4.333642054791885,4.3
unemployment_rate,1,sarima,2026-07-01,4.249004701950731,4.1
unemployment_rate,1,ols,2016-01-01,5.0328448281885825,4.8
unemployment_rate,1,ols,2016-04-01,5.024933272077517,5.1
unemployment_rate,1,ols,2016-07-01,4.874746683050245,4.8
unemployment_rate,1,ols,2016-10-01,4.999300213400885,4.9
unemployment_rate,1,ols,2017-01-01,4.684291069375029,4.7
unemployment_rate,1,ols,2017-04-01,4.395677807323756,4.4
unemployment_rate,1,ols,2017-07-01,4.270273044844437,4.3
unemployment_rate,1,ols,2017-10-01,4.331307749981343,4.2
unemployment_rate,1,ols,2018-01-01,4.108256105080738,4.0
unemployment_rate,1,ols,2018-04-01,4.005114890577068,4.0
unemployment_rate,1,ols,2018-07-01,3.9677392870942305,3.8
unemployment_rate,1,ols,2018-10-01,3.6941913667038593,3.8
unemployment_rate,1,ols,2019-01-01,3.901076818270529,4.0
unemployment_rate,1,ols,2019-04-01,3.8367842672665593,3.7
unemployment_rate,1,ols,2019-07-01,3.581637876537084,3.7
unemployment_rate,1,ols,2019-10-01,3.5122308995185523,3.6
unemployment_rate,1,ols,2020-01-01,3.6417433555702186,3.6
unemployment_rate,1,ols,2020-04-01,4.392422051407706,14.8
unemployment_rate,1,ols,2020-07-01,11.992553556715494,10.2
unemployment_rate,1,ols,2020-10-01,7.420766145452574,6.9
unemployment_rate,1,ols,2021-01-01,6.6873338163967055,6.4
unemployment_rate,1,ols,2021-04-01,6.230441254146074,6.1
unemployment_rate,1,ols,2021-07-01,5.797263755230559,5.4
unemployment_rate,1,ols,2021-10-01,4.752045680520379,4.5
unemployment_rate,1,ols,2022-01-01,4.056363221541231,4.0
unemployment_rate,1,ols,2022-04-01,3.963129934370015,3.7
unemployment_rate,1,ols,2022-07-01,3.7577076392928683,3.5
unemployment_rate,1,ols,2022-10-01,3.6684143079029305,3.6
unemployment_rate,1,ols,2023-01-01,3.736945181365756,3.5
unemployment_rate,1,ols,2023-04-01,3.9326771390172843,3.4
unemployment_rate,1,ols,2023-07-01,3.8179582509009284,3.5
unemployment_rate,1,ols,2023-10-01,3.908140834382484,3.9
unemployment_rate,1,ols,2024-01-01,4.027101105308417,3.7
unemployment_rate,1,ols,2024-04-01,4.238229019167794,3.9
unemployment_rate,1,ols,2024-07-01,4.212182627647787,4.2
unemployment_rate,1,ols,2024-10-01,4.212028521781852,4.1
unemployment_rate,1,ols,2025-01-01,4.2172832562724825,4.0
unemployment_rate,1,ols,2025-04-01,4.437334528319823,4.2
unemployment_rate,1,ols,2025-07-01,4.147182264227844,4.3
unemployment_rate,1,ols,2025-10-01,4.458263155374942,4.449180327868852
unemployment_rate,1,ols,2026-01-01,4.416088764575053,4.3
unemployment_rate,1,ols,2026-04-01,4.520150308478022,4.3
unemployment_rate,1,ols,2026-07-01,4.227100912293563,4.1
unemployment_rate,1,random_forest,2016-01-01,5.033500000000001,4.8
unemployment_rate,1,random_forest,2016-04-01,4.948500000000003,5.1
unemployment_rate,1,random_forest,2016-07-01,4.939000000000002,4.8
unemployment_rate,1,random_forest,2016-10-01,5.010499999999999,4.9
unemployment_rate,1,random_forest,2017-01-01,4.711000000000006,4.7
unemployment_rate,1,random_forest,2017-04-01,4.433999999999994,4.4
unemployment_rate,1,random_forest,2017-07-01,4.345499999999992,4.3
unemployment_rate,1,random_forest,2017-10-01,4.334999999999993,4.2
unemployment_rate,1,random_forest,2018-01-01,3.9775,4.0
unemployment_rate,1,random_forest,2018-04-01,3.945499999999996,4.0
unemployment_rate,1,random_forest,2018-07-01,3.910999999999995,3.8
unemployment_rate,1,random_forest,2018-10-01,3.726999999999998,3.8
unemployment_rate,1,random_forest,2019-01-01,3.865499999999995,4.0
unemployment_rate,1,random_forest,2019-04-01,3.820499999999994,3.7
unemployment_rate,1,random_forest,2019-07-01,3.7015000000000002,3.7
unemployment_rate,1,random_forest,2019-10-01,3.5755000000000035,3.6
unemployment_rate,1,random_forest,2020-01-01,3.6120000000000014,3.6
unemployment_rate,1,random_forest,2020-04-01,4.3744999999999985,14.8
unemployment_rate,1,random_forest,2020-07-01,10.91200000000001,10.2
unemployment_rate,1,random_forest,2020-10-01,7.746999999999995,6.9
unemployment_rate,1,random_forest,2021-01-01,6.740500000000015,6.4
unemployment_rate,1,random_forest,2021-04-01,6.075999999999996,6.1
unemployment_rate,1,random_forest,2021-07-01,5.969500000000002,5.4
unemployment_rate,1,random_forest,2021-10-01,4.781999999999992,4.5
unemployment_rate,1,random_forest,2022-01-01,3.900999999999996,4.0
unemployment_rate,1,random_forest,2022-04-01,3.722499999999997,3.7
unemployment_rate,1,random_forest,2022-07-01,3.6460000000000066,3.5
unemployment_rate,1,random_forest,2022-10-01,3.6010000000000018,3.6
unemployment_rate,1,random_forest,2023-01-01,3.5990000000000033,3.5
unemployment_rate,1,random_forest,2023-04-01,3.5175000000000023,3.4
unemployment_rate,1,random_forest,2023-07-01,3.562500000000004,3.5
unemployment_rate,1,random_forest,2023-10-01,3.640500000000005,3.9
unemployment_rate,1,random_forest,2024-01-01,3.838,3.7
unemployment_rate,1,random_forest,2024-04-01,3.831499999999995,3.9
unemployment_rate,1,random_forest,2024-07-01,3.9034999999999966,4.2
unemployment_rate,1,random_forest,2024-10-01,4.046000000000005,4.1
unemployment_rate,1,random_forest,2025-01-01,4.083000000000009,4.0
unemployment_rate,1,random_forest,2025-04-01,4.174500000000012,4.2
unemployment_rate,1,random_forest,2025-07-01,4.047500000000005,4.3
unemployment_rate,1,random_forest,2025-10-01,4.401000000000002,4.449180327868852
unemployment_rate,1,random_forest,2026-01-01,4.44891803278688,4.3
unemployment_rate,1,random_forest,2026-04-01,4.3164999999999925,4.3
unemployment_rate,1,random_forest,2026-07-01,4.244245901639346,4.1
unemployment_rate,1,gradient_boosting,2016-01-01,5.052312115606366,4.8
unemployment_rate,1,gradient_boosting,2016-04-01,5.017534388264438,5.1
unemployment_rate,1,gradient_boosting,2016-07-01,4.956105241139915,4.8
unemployment_rate,1,gradient_boosting,2016-10-01,5.071627896495119,4.9
unemployment_rate,1,gradient_boosting,2017-01-01,4.685363763312021,4.7
unemployment_rate,1,gradient_boosting,2017-04-01,4.466888474933283,4.4
unemployment_rate,1,gradient_boosting,2017-07-01,4.30671695917076,4.3
unemployment_rate,1,gradient_boosting,2017-10-01,4.334848819844124,4.2
unemployment_rate,1,gradient_boosting,2018-01-01,4.050393368387764,4.0
unemployment_rate,1,gradient_boosting,2018-04-01,3.987542766284292,4.0
unemployment_rate,1,gradient_boosting,2018-07-01,4.040566057033739,3.8
unemployment_rate,1,gradient_boosting,2018-10-01,3.615233262144562,3.8
unemployment_rate,1,gradient_boosting,2019-01-01,3.9435802099670534,4.0
unemployment_rate,1,gradient_boosting,2019-04-01,3.8180818244163763,3.7
unemployment_rate,1,gradient_boosting,2019-07-01,3.7128489445946644,3.7
unemployment_rate,1,gradient_boosting,2019-10-01,3.587733291732871,3.6
unemployment_rate,1,gradient_boosting,2020-01-01,3.6692641491079367,3.6
unemployment_rate,1,gradient_boosting,2020-04-01,4.453501422855426,14.8
unemployment_rate,1,gradient_boosting,2020-07-01,10.556236436312604,10.2
unemployment_rate,1,gradient_boosting,2020-10-01,7.499544500255325,6.9
unemployment_rate,1,gradient_boosting,2021-01-01,6.605619896172899,6.4
unemployment_rate,1,gradient_boosting,2021-04-01,5.913331965538611,6.1
unemployment_rate,1,gradient_boosting,2021-07-01,6.031819041071203,5.4
unemployment_rate,1,gradient_boosting,2021-10-01,4.575037660323413,4.5
unemployment_rate,1,gradient_boosting,2022-01-01,3.7572939199424535,4.0
unemployment_rate,1,gradient_boosting,2022-04-01,3.639307484736259,3.7
unemployment_rate,1,gradient_boosting,2022-07-01,3.659748496746935,3.5
unemployment_rate,1,gradient_boosting,2022-10-01,3.463936804423156,3.6
unemployment_rate,1,gradient_boosting,2023-01-01,3.468804472595447,3.5
unemployment_rate,1,gradient_boosting,2023-04-01,3.6436530951648356,3.4
unemployment_rate,1,gradient_boosting,2023-07-01,3.4662229973233423,3.5
unemployment_rate,1,gradient_boosting,2023-10-01,3.6182188628304908,3.9
unemployment_rate,1,gradient_boosting,2024-01-01,3.822292782256328,3.7
unemployment_rate,1,gradient_boosting,2024-04-01,3.9284824936783904,3.9
unemployment_rate,1,gradient_boosting,2024-07-01,4.022333481080561,4.2
unemployment_rate,1,gradient_boosting,2024-10-01,3.970246241164262,4.1
unemployment_rate,1,gradient_boosting,2025-01-01,4.81975058438656,4.0
unemployment_rate,1,gradient_boosting,2025-04-01,4.23725931376408,4.2
unemployment_rate,1,gradient_boosting,2025-07-01,3.9784630838523585,4.3
unemployment_rate,1,gradient_boosting,2025-10-01,4.557225078762791,4.449180327868852
unemployment_rate,1,gradient_boosting,2026-01-01,4.529131777876291,4.3
unemployment_rate,1,gradient_boosting,2026-04-01,4.365678631437178,4.3
unemployment_rate,1,gradient_boosting,2026-07-01,4.1967550026229175,4.1
unemployment_rate,12,naive_last,2016-01-01,5.7,4.8
unemployment_rate,12,naive_last,2016-04-01,5.4,5.1
unemployment_rate,12,naive_last,2016-07-01,5.2,4.8
unemployment_rate,12,naive_last,2016-10-01,5.0,4.9
unemployment_rate,12,naive_last,2017-01-01,4.8,4.7
unemployment_rate,12,naive_last,2017-04-01,5.1,4.4
unemployment_rate,12,naive_last,2017-07-01,4.8,4.3
unemployment_rate,12,naive_last,2017-10-01,4.9,4.2
unemployment_rate,12,naive_last,2018-01-01,4.7,4.0
unemployment_rate,12,naive_last,2018-04-01,4.4,4.0
unemployment_rate,12,naive_last,2018-07-01,4.3,3.8
unemployment_rate,12,naive_last,2018-10-01,4.2,3.8
unemployment_rate,12,naive_last,2019-01-01,4.0,4.0
unemployment_rate,12,naive_last,2019-04-01,4.0,3.7
unemployment_rate,12,naive_last,2019-07-01,3.8,3.7
unemployment_rate,12,naive_last,2019-10-01,3.8,3.6
unemployment_rate,12,naive_last,2020-01-01,4.0,3.6
unemployment_rate,12,naive_last,2020-04-01,3.7,14.8
unemployment_rate,12,naive_last,2020-07-01,3.7,10.2
unemployment_rate,12,naive_last,2020-10-01,3.6,6.9
unemployment_rate,12,naive_last,2021-01-01,3.6,6.4
unemployment_rate,12,naive_last,2021-04-01,14.8,6.1
unemployment_rate,12,naive_last,2021-07-01,10.2,5.4
unemployment_rate,12,naive_last,2021-10-01,6.9,4.5
unemployment_rate,12,naive_last,2022-01-01,6.4,4.0
unemployment_rate,12,naive_last,2022-04-01,6.1,3.7
unemployment_rate,12,naive_last,2022-07-01,5.4,3.5
unemployment_rate,12,naive_last,2022-10-01,4.5,3.6
unemployment_rate,12,naive_last,2023-01-01,4.0,3.5
unemployment_rate,12,naive_last,2023-04-01,3.7,3.4
unemployment_rate,12,naive_last,2023-07-01,3.5,3.5
unemployment_rate,12,naive_last,2023-10-01,3.6,3.9
unemployment_rate,12,naive_last,2024-01-01,3.5,3.7
unemployment_rate,12,naive_last,2024-04-01,3.4,3.9
unemployment_rate,12,naive_last,2024-07-01,3.5,4.2
unemployment_rate,12,naive_last,2024-10-01,3.9,4.1
unemployment_rate,12,naive_last,2025-01-01,3.7,4.0
unemployment_rate,12,naive_last,2025-04-01,3.9,4.2
unemployment_rate,12,naive_last,2025-07-01,4.2,4.3
unemployment_rate,12,naive_last,2025-10-01,4.1,4.449180327868852
unemployment_rate,12,naive_last,2026-01-01,4.0,4.3
unemployment_rate,12,naive_last,2026-04-01,4.2,4.3
unemployment_rate,12,naive_last,2026-07-01,4.3,4.1
unemployment_rate,12,seasonal_naive,2016-01-01,5.7,4.8
unemployment_rate,12,seasonal_naive,2016-04-01,5.4,5.1
unemployment_rate,12,seasonal_naive,2016-07-01,5.2,4.8
unemployment_rate,12,seasonal_naive,2016-10-01,5.0,4.9
unemployment_rate,12,seasonal_naive,2017-01-01,4.8,4.7
unemployment_rate,12,seasonal_naive,2017-04-01,5.1,4.4
unemployment_rate,12,seasonal_naive,2017-07-01,4.8,4.3
unemployment_rate,12,seasonal_naive,2017-10-01,4.9,4.2
unemployment_rate,12,seasonal_naive,2018-01-01,4.7,4.0
unemployment_rate,12,seasonal_naive,2018-04-01,4.4,4.0
unemployment_rate,12,seasonal_naive,2018-07-01,4.3,3.8
unemployment_rate,12,seasonal_naive,2018-10-01,4.2,3.8
unemployment_rate,12,seasonal_naive,2019-01-01,4.0,4.0
unemployment_rate,12,seasonal_naive,2019-04-01,4.0,3.7
unemployment_rate,12,seasonal_naive,2019-07-01,3.8,3.7
unemployment_rate,12,seasonal_naive,2019-10-01,3.8,3.6
unemployment_rate,12,seasonal_naive,2020-01-01,4.0,3.6
unemployment_rate,12,seasonal_naive,2020-04-01,3.7,14.8
unemployment_rate,12,seasonal_naive,2020-07-01,3.7,10.2
unemployment_rate,12,seasonal_naive,2020-10-01,3.6,6.9
unemployment_rate,12,seasonal_naive,2021-01-01,3.6,6.4
unemployment_rate,12,seasonal_naive,2021-04-01,14.8,6.1
unemployment_rate,12,seasonal_naive,2021-07-01,10.2,5.4
unemployment_rate,12,seasonal_naive,2021-10-01,6.9,4.5
unemployment_rate,12,seasonal_naive,2022-01-01,6.4,4.0
unemployment_rate,12,seasonal_naive,2022-04-01,6.1,3.7
unemployment_rate,12,seasonal_naive,2022-07-01,5.4,3.5
unemployment_rate,12,seasonal_naive,2022-10-01,4.5,3.6
unemployment_rate,12,seasonal_naive,2023-01-01,4.0,3.5
unemployment_rate,12,seasonal_naive,2023-04-01,3.7,3.4
unemployment_rate,12,seasonal_naive,2023-07-01,3.5,3.5
unemployment_rate,12,seasonal_naive,2023-10-01,3.6,3.9
unemployment_rate,12,seasonal_naive,2024-01-01,3.5,3.7
unemployment_rate,12,seasonal_naive,2024-04-01,3.4,3.9
unemployment_rate,12,seasonal_naive,2024-07-01,3.5,4.2
unemployment_rate,12,seasonal_naive,2024-10-01,3.9,4.1
unemployment_rate,12,seasonal_naive,2025-01-01,3.7,4.0
unemployment_rate,12,seasonal_naive,2025-04-01,3.9,4.2
unemployment_rate,12,seasonal_naive,2025-07-01,4.2,4.3
unemployment_rate,12,seasonal_naive,2025-10-01,4.1,4.449180327868852
unemployment_rate,12,seasonal_naive,2026-01-01,4.0,4.3
unemployment_rate,12,seasonal_naive,2026-04-01,4.2,4.3
unemployment_rate,12,seasonal_naive,2026-07-01,4.3,4.1
unemployment_rate,12,rolling_mean_12,2016-01-01,6.083333333333333,4.8
unemployment_rate,12,rolling_mean_12,2016-04-01,5.8083333333333345,5.1
unemployment_rate,12,rolling_mean_12,2016-07-01,5.6000000000000005,4.8
unemployment_rate,12,rolling_mean_12,2016-10-01,5.383333333333333,4.9
unemployment_rate,12,rolling_mean_12,2017-01-01,5.2,4.7
unemployment_rate,12,rolling_mean_12,2017-04-01,5.091666666666666,4.4
unemployment_rate,12,rolling_mean_12,2017-07-01,4.958333333333333,4.3
unemployment_rate,12,rolling_mean_12,2017-10-01,4.933333333333333,4.2
unemployment_rate,12,rolling_mean_12,2018-01-01,4.866666666666667,4.0
unemployment_rate,12,rolling_mean_12,2018-04-01,4.733333333333333,4.0
unemployment_rate,12,rolling_mean_12,2018-07-01,4.6083333333333325,3.8
unemployment_rate,12,rolling_mean_12,2018-10-01,4.45,3.8
unemployment_rate,12,rolling_mean_12,2019-01-01,4.3,4.0
unemployment_rate,12,rolling_mean_12,2019-04-01,4.191666666666667,3.7
unemployment_rate,12,rolling_mean_12,2019-07-01,4.074999999999999,3.7
unemployment_rate,12,rolling_mean_12,2019-10-01,3.9416666666666664,3.6
unemployment_rate,12,rolling_mean_12,2020-01-01,3.891666666666666,3.6
unemployment_rate,12,rolling_mean_12,2020-04-01,3.8249999999999993,14.8
unemployment_rate,12,rolling_mean_12,2020-07-01,3.7666666666666675,10.2
unemployment_rate,12,rolling_mean_12,2020-10-01,3.716666666666667,6.9
unemployment_rate,12,rolling_mean_12,2021-01-01,3.641666666666667,6.4
unemployment_rate,12,rolling_mean_12,2021-04-01,4.591666666666666,6.1
unemployment_rate,12,rolling_mean_12,2021-07-01,6.550000000000001,5.4
unemployment_rate,12,rolling_mean_12,2021-10-01,7.583333333333335,4.5
unemployment_rate,12,rolling_mean_12,2022-01-01,8.333333333333334,4.0
unemployment_rate,12,rolling_mean_12,2022-04-01,7.9750000000000005,3.7
unemployment_rate,12,rolling_mean_12,2022-07-01,6.533333333333335,3.5
unemployment_rate,12,rolling_mean_12,2022-10-01,5.8,3.6
unemployment_rate,12,rolling_mean_12,2023-01-01,5.1499999999999995,3.5
unemployment_rate,12,rolling_mean_12,2023-04-01,4.558333333333334,3.4
unemployment_rate,12,rolling_mean_12,2023-07-01,4.025,3.5
unemployment_rate,12,rolling_mean_12,2023-10-01,3.725,3.9
unemployment_rate,12,rolling_mean_12,2024-01-01,3.608333333333334,3.7
unemployment_rate,12,rolling_mean_12,2024-04-01,3.5416666666666665,3.9
unemployment_rate,12,rolling_mean_12,2024-07-01,3.5416666666666665,4.2
unemployment_rate,12,rolling_mean_12,2024-10-01,3.591666666666667,4.1
unemployment_rate,12,rolling_mean_12,2025-01-01,3.641666666666667,4.0
unemployment_rate,12,rolling_mean_12,2025-04-01,3.7416666666666667,4.2
unemployment_rate,12,rolling_mean_12,2025-07-01,3.866666666666667,4.3
unemployment_rate,12,rolling_mean_12,2025-10-01,3.958333333333334,4.449180327868852
unemployment_rate,12,rolling_mean_12,2026-01-01,4.050000000000001,4.3
unemployment_rate,12,rolling_mean_12,2026-04-01,4.125000000000001,4.3
unemployment_rate,12,rolling_mean_12,2026-07-01,4.166666666666667,4.1
unemployment_rate,12,arima,2016-01-01,5.578927813353794,4.8
unemployment_rate,12,arima,2016-04-01,5.265367325534702,5.1
unemployment_rate,12,arima,2016-07-01,5.057711729078202,4.8
unemployment_rate,12,arima,2016-10-01,4.950592422927793,4.9
unemployment_rate,12,arima,2017-01-01,4.803565507589607,4.7
unemployment_rate,12,arima,2017-04-01,5.561264509583176,4.4
unemployment_rate,12,arima,2017-07-01,4.955200739637336,4.3
unemployment_rate,12,arima,2017-10-01,5.244623573036029,4.2
unemployment_rate,12,arima,2018-01-01,4.8576173729246515,4.0
unemployment_rate,12,arima,2018-04-01,4.4514194153603,4.0
unemployment_rate,12,arima,2018-07-01,4.545534856296461,3.8
unemployment_rate,12,arima,2018-10-01,4.4807505985817615,3.8
unemployment_rate,12,arima,2019-01-01,4.198261926943556,4.0
unemployment_rate,12,arima,2019-04-01,4.382523188018921,3.7
unemployment_rate,12,arima,2019-07-01,4.165901045943801,3.7
unemployment_rate,12,arima,2019-10-01,4.258173257038797,3.6
unemployment_rate,12,arima,2020-01-01,4.76285359529684,3.6
unemployment_rate,12,arima,2020-04-01,4.050513263708289,14.8
unemployment_rate,12,arima,2020-07-01,4.207519123544285,10.2
unemployment_rate,12,arima,2020-10-01,4.101280212411883,6.9
unemployment_rate,12,arima,2021-01-01,4.18085130334616,6.4
unemployment_rate,12,arima,2021-04-01,29.590421703122363,6.1
unemployment_rate,12,arima,2021-07-01,9.325002859853427,5.4
unemployment_rate,12,arima,2021-10-01,6.6447768724027165,4.5
unemployment_rate,12,arima,2022-01-01,6.23547057478951,4.0
unemployment_rate,12,arima,2022-04-01,6.065883700731082,3.7
unemployment_rate,12,arima,2022-07-01,5.586100544742108,3.5
unemployment_rate,12,arima,2022-10-01,5.023979422332668,3.6
unemployment_rate,12,arima,2023-01-01,4.6681398654473085,3.5
unemployment_rate,12,arima,2023-04-01,4.468523166220059,3.4
unemployment_rate,12,arima,2023-07-01,4.313810299747191,3.5
unemployment_rate,12,arima,2023-10-01,4.387543879042502,3.9
unemployment_rate,12,arima,2024-01-01,4.29981265842858,3.7
unemployment_rate,12,arima,2024-04-01,4.228162377824237,3.9
unemployment_rate,12,arima,2024-07-01,4.287086635584734,4.2
unemployment_rate,12,arima,2024-10-01,4.56032592894939,4.1
unemployment_rate,12,arima,2025-01-01,4.398525627160399,4.0
unemployment_rate,12,arima,2025-04-01,4.5526150447267595,4.2
unemployment_rate,12,arima,2025-07-01,4.7366329611377385,4.3
unemployment_rate,12,arima,2025-10-01,4.677036570501791,4.449180327868852
unemployment_rate,12,arima,2026-01-01,4.6010185293609,4.3
unemployment_rate,12,arima,2026-04-01,4.737142032449518,4.3
unemployment_rate,12,arima,2026-07-01,4.805274515551241,4.1
unemployment_rate,12,sarima,2016-01-01,5.5105224351992845,4.8
unemployment_rate,12,sarima,2016-04-01,5.144939376104444,5.1
unemployment_rate,12,sarima,2016-07-01,5.123551772596402,4.8
unemployment_rate,12,sarima,2016-10-01,4.843236161316675,4.9
unemployment_rate,12,sarima,2017-01-01,4.835075264397293,4.7
unemployment_rate,12,sarima,2017-04-01,5.800839271519207,4.4
unemployment_rate,12,sarima,2017-07-01,4.90995807407111,4.3
unemployment_rate,12,sarima,2017-10-01,5.17331498218711,4.2
unemployment_rate,12,sarima,2018-01-01,4.799682673574021,4.0
unemployment_rate,12,sarima,2018-04-01,4.542375030395913,4.0
unemployment_rate,12,sarima,2018-07-01,4.562132195278144,3.8
unemployment_rate,12,sarima,2018-10-01,4.696299639612485,3.8
unemployment_rate,12,sarima,2019-01-01,4.359327745511773,4.0
unemployment_rate,12,sarima,2019-04-01,4.550374180792568,3.7
unemployment_rate,12,sarima,2019-07-01,4.242057002495885,3.7
unemployment_rate,12,sarima,2019-10-01,4.248000079686719,3.6
unemployment_rate,12,sarima,2020-01-01,4.296455517701108,3.6
unemployment_rate,12,sarima,2020-04-01,4.057303486993698,14.8
unemployment_rate,12,sarima,2020-07-01,4.30915420265537,10.2
unemployment_rate,12,sarima,2020-10-01,4.110342708163963,6.9
unemployment_rate,12,sarima,2021-01-01,4.148891047056953,6.4
unemployment_rate,12,sarima,2021-04-01,36.46361433176791,6.1
unemployment_rate,12,sarima,2021-07-01,8.89864866464061,5.4
unemployment_rate,12,sarima,2021-10-01,6.468020198960086,4.5
unemployment_rate,12,sarima,2022-01-01,6.13507791932899,4.0
unemployment_rate,12,sarima,2022-04-01,6.124552140349711,3.7
unemployment_rate,12,sarima,2022-07-01,5.5916210879325625,3.5
unemployment_rate,12,sarima,2022-10-01,4.997717501445081,3.6
unemployment_rate,12,sarima,2023-01-01,4.635055898062246,3.5
unemployment_rate,12,sarima,2023-04-01,4.440341971765957,3.4
unemployment_rate,12,sarima,2023-07-01,4.270696659158174,3.5
unemployment_rate,12,sarima,2023-10-01,4.346787458291419,3.9
unemployment_rate,12,sarima,2024-01-01,4.261457317133181,3.7
unemployment_rate,12,sarima,2024-04-01,4.187037688940258,3.9
unemployment_rate,12,sarima,2024-07-01,4.2494866564063525,4.2
unemployment_rate,12,sarima,2024-10-01,4.528640186817671,4.1
unemployment_rate,12,sarima,2025-01-01,4.364292448222334,4.0
unemployment_rate,12,sarima,2025-04-01,4.5203737909051025,4.2
unemployment_rate,12,sarima,2025-07-01,4.711543379977092,4.3
unemployment_rate,12,sarima,2025-10-01,4.649100262256658,4.449180327868852
unemployment_rate,12,sarima,2026-01-01,4.574030405515396,4.3
unemployment_rate,12,sarima,2026-04-01,4.710776347968447,4.3
unemployment_rate,12,sarima,2026-07-01,4.780339460271865,4.1
unemployment_rate,12,ols,2016-01-01,5.2121054248114715,4.8
unemployment_rate,12,ols,2016-04-01,4.891421203167617,5.1
unemployment_rate,12,ols,2016-07-01,4.765736761892876,4.8
unemployment_rate,12,ols,2016-10-01,4.724764596138698,4.9
unemployment_rate,12,ols,2017-01-01,4.631916770926107,4.7
unemployment_rate,12,ols,2017-04-01,5.241222271651421,4.4
unemployment_rate,12,ols,2017-07-01,4.652627033029644,4.3
unemployment_rate,12,ols,2017-10-01,4.938040327367865,4.2
unemployment_rate,12,ols,2018-01-01,4.688253620347272,4.0
unemployment_rate,12,ols,2018-04-01,4.375981312211881,4.0
unemployment_rate,12,ols,2018-07-01,4.316312757196684,3.8
unemployment_rate,12,ols,2018-10-01,4.305663306144348,3.8
unemployment_rate,12,ols,2019-01-01,4.07798204521159,4.0
unemployment_rate,12,ols,2019-04-01,4.224743104849244,3.7
unemployment_rate,12,ols,2019-07-01,4.1080403573825075,3.7
unemployment_rate,12,ols,2019-10-01,4.116748323671017,3.6
unemployment_rate,12,ols,2020-01-01,4.440811301853438,3.6
unemployment_rate,12,ols,2020-04-01,3.9274703845500505,14.8
unemployment_rate,12,ols,2020-07-01,4.050492212253353,10.2
unemployment_rate,12,ols,2020-10-01,3.902139794573428,6.9
unemployment_rate,12,ols,2021-01-01,3.944054577810002,6.4
unemployment_rate,12,ols,2021-04-01,20.08907040018616,6.1
unemployment_rate,12,ols,2021-07-01,6.7064952596483565,5.4
unemployment_rate,12,ols,2021-10-01,4.907673823372299,4.5
unemployment_rate,12,ols,2022-01-01,5.3155699971292805,4.0
unemployment_rate,12,ols,2022-04-01,5.546222470397693,3.7
unemployment_rate,12,ols,2022-07-01,4.893794732832399,3.5
unemployment_rate,12,ols,2022-10-01,5.049325186063773,3.6
unemployment_rate,12,ols,2023-01-01,5.044450049054485,3.5
unemployment_rate,12,ols,2023-04-01,5.008937321535828,3.4
unemployment_rate,12,ols,2023-07-01,5.236750998248847,3.5
unemployment_rate,12,ols,2023-10-01,5.25543443945321,3.9
unemployment_rate,12,ols,2024-01-01,5.715264803053682,3.7
unemployment_rate,12,ols,2024-04-01,5.87404432501491,3.9
unemployment_rate,12,ols,2024-07-01,5.682875862985858,4.2
unemployment_rate,12,ols,2024-10-01,5.8049020961278535,4.1
unemployment_rate,12,ols,2025-01-01,5.451282163405493,4.0
unemployment_rate,12,ols,2025-04-01,5.470288843269394,4.2
unemployment_rate,12,ols,2025-07-01,5.230701614603223,4.3
unemployment_rate,12,ols,2025-10-01,5.165827448919646,4.449180327868852
unemployment_rate,12,ols,2026-01-01,4.945472432185724,4.3
unemployment_rate,12,ols,2026-04-01,4.972871752186404,4.3
unemployment_rate,12,ols,2026-07-01,4.952466374757833,4.1
unemployment_rate,12,random_forest,2016-01-01,5.5050000000000034,4.8
unemployment_rate,12,random_forest,2016-04-01,5.509500000000002,5.1
unemployment_rate,12,random_forest,2016-07-01,5.258500000000001,4.8
unemployment_rate,12,random_forest,2016-10-01,5.1435,4.9
unemployment_rate,12,random_forest,2017-01-01,5.181999999999999,4.7
unemployment_rate,12,random_forest,2017-04-01,5.001500000000004,4.4
unemployment_rate,12,random_forest,2017-07-01,5.223499999999999,4.3
unemployment_rate,12,random_forest,2017-10-01,5.206999999999999,4.2
unemployment_rate,12,random_forest,2018-01-01,5.1445000000000025,4.0
unemployment_rate,12,random_forest,2018-04-01,5.037999999999999,4.0
unemployment_rate,12,random_forest,2018-07-01,4.663499999999999,3.8
unemployment_rate,12,random_forest,2018-10-01,4.611500000000002,3.8
unemployment_rate,12,random_forest,2019-01-01,4.441000000000001,4.0
unemployment_rate,12,random_forest,2019-04-01,4.263499999999998,3.7
unemployment_rate,12,random_forest,2019-07-01,4.028499999999998,3.7
unemployment_rate,12,random_forest,2019-10-01,3.9319999999999964,3.6
unemployment_rate,12,random_forest,2020-01-01,3.8105000000000007,3.6
unemployment_rate,12,random_forest,2020-04-01,3.7085000000000026,14.8
unemployment_rate,12,random_forest,2020-07-01,4.084000000000004,10.2
unemployment_rate,12,random_forest,2020-10-01,4.249000000000002,6.9
unemployment_rate,12,random_forest,2021-01-01,4.313000000000003,6.4
unemployment_rate,12,random_forest,2021-04-01,9.035500000000004,6.1
unemployment_rate,12,random_forest,2021-07-01,9.009499999999989,5.4
unemployment_rate,12,random_forest,2021-10-01,6.520500000000001,4.5
unemployment_rate,12,random_forest,2022-01-01,5.767999999999992,4.0
unemployment_rate,12,random_forest,2022-04-01,5.369000000000001,3.7
unemployment_rate,12,random_forest,2022-07-01,7.237499999999992,3.5
unemployment_rate,12,random_forest,2022-10-01,6.674999999999996,3.6
unemployment_rate,12,random_forest,2023-01-01,7.385499999999995,3.5
unemployment_rate,12,random_forest,2023-04-01,7.632499999999998,3.4
unemployment_rate,12,random_forest,2023-07-01,7.741499999999993,3.5
unemployment_rate,12,random_forest,2023-10-01,5.966500000000002,3.9
unemployment_rate,12,random_forest,2024-01-01,9.062000000000015,3.7
unemployment_rate,12,random_forest,2024-04-01,9.429500000000008,3.9
unemployment_rate,12,random_forest,2024-07-01,9.660500000000013,4.2
unemployment_rate,12,random_forest,2024-10-01,6.637500000000006,4.1
unemployment_rate,12,random_forest,2025-01-01,4.679000000000006,4.0
unemployment_rate,12,random_forest,2025-04-01,5.342,4.2
unemployment_rate,12,random_forest,2025-07-01,4.7135000000000025,4.3
unemployment_rate,12,random_forest,2025-10-01,5.710500000000005,4.449180327868852
unemployment_rate,12,random_forest,2026-01-01,4.479000000000004,4.3
unemployment_rate,12,random_forest,2026-04-01,5.3385,4.3
unemployment_rate,12,random_forest,2026-07-01,4.8515000000000015,4.1
unemployment_rate,12,gradient_boosting,2016-01-01,5.952915170827856,4.8
unemployment_rate,12,gradient_boosting,2016-04-01,6.0108588834620615,5.1
unemployment_rate,12,gradient_boosting,2016-07-01,5.94379936005538,4.8
unemployment_rate,12,gradient_boosting,2016-10-01,6.3118450466164004,4.9
unemployment_rate,12,gradient_boosting,2017-01-01,5.571834239068558,4.7
unemployment_rate,12,gradient_boosting,2017-04-01,5.144737372799882,4.4
unemployment_rate,12,gradient_boosting,2017-07-01,5.275941434481286,4.3
unemployment_rate,12,gradient_boosting,2017-10-01,5.811211393999521,4.2
unemployment_rate,12,gradient_boosting,2018-01-01,5.171961157647159,4.0
unemployment_rate,12,gradient_boosting,2018-04-01,4.7624499613876745,4.0
unemployment_rate,12,gradient_boosting,2018-07-01,4.503799212076659,3.8
unemployment_rate,12,gradient_boosting,2018-10-01,4.29908828749373,3.8
unemployment_rate,12,gradient_boosting,2019-01-01,4.3168480972755,4.0
unemployment_rate,12,gradient_boosting,2019-04-01,4.366438351707588,3.7
unemployment_rate,12,gradient_boosting,2019-07-01,4.104655669825302,3.7
unemployment_rate,12,gradient_boosting,2019-10-01,3.7145557035038457,3.6
unemployment_rate,12,gradient_boosting,2020-01-01,4.125463420884545,3.6
unemployment_rate,12,gradient_boosting,2020-04-01,3.918283852881403,14.8
unemployment_rate,12,gradient_boosting,2020-07-01,3.739095553864962,10.2
unemployment_rate,12,gradient_boosting,2020-10-01,3.9598808786011186,6.9
unemployment_rate,12,gradient_boosting,2021-01-01,3.8624314246182,6.4
unemployment_rate,12,gradient_boosting,2021-04-01,8.973928373564663,6.1
unemployment_rate,12,gradient_boosting,2021-07-01,10.057496217309199,5.4
unemployment_rate,12,gradient_boosting,2021-10-01,6.154643027455454,4.5
unemployment_rate,12,gradient_boosting,2022-01-01,5.664410694884029,4.0
unemployment_rate,12,gradient_boosting,2022-04-01,5.695720281532285,3.7
unemployment_rate,12,gradient_boosting,2022-07-01,6.556608621986386,3.5
unemployment_rate,12,gradient_boosting,2022-10-01,5.658115851129766,3.6
unemployment_rate,12,gradient_boosting,2023-01-01,5.711271422206632,3.5
unemployment_rate,12,gradient_boosting,2023-04-01,5.805901582004131,3.4
unemployment_rate,12,gradient_boosting,2023-07-01,7.627988138552403,3.5
unemployment_rate,12,gradient_boosting,2023-10-01,7.438473388536501,3.9
unemployment_rate,12,gradient_boosting,2024-01-01,8.348877439120981,3.7
unemployment_rate,12,gradient_boosting,2024-04-01,7.748551544806856,3.9
unemployment_rate,12,gradient_boosting,2024-07-01,8.161297288560219,4.2
unemployment_rate,12,gradient_boosting,2024-10-01,6.727769392709721,4.1
unemployment_rate,12,gradient_boosting,2025-01-01,3.0429278110497457,4.0
unemployment_rate,12,gradient_boosting,2025-04-01,4.700699232944958,4.2
unemployment_rate,12,gradient_boosting,2025-07-01,3.687795341354266,4.3
unemployment_rate,12,gradient_boosting,2025-10-01,5.341204201167643,4.449180327868852
unemployment_rate,12,gradient_boosting,2026-01-01,4.681195893204935,4.3
unemployment_rate,12,gradient_boosting,2026-04-01,4.921938064241568,4.3
unemployment_rate,12,gradient_boosting,2026-07-01,5.057785737353662,4.1
