series,horizon,window,model,n_obs,rmse,mae,mape_pct,mape_excluded_zeros,mase,dm_stat_vs_seasonal_naive,dm_p_value,dm_p_value_t,dm_max_lag,dm_stat_vs_seasonal_naive_lag1,dm_p_value_lag1,dm_p_value_t_lag1
inflation_yoy,1,full,naive_last,43,0.3941753969379058,0.27120722805344993,18.484574149560622,0,0.19398337882442476,-3.8331098192819733,0.00012653343065395338,0.0004171719584171988,0.0,-2.417216776659292,0.015639699853974523,0.020060352231037765
inflation_yoy,1,full,seasonal_naive,43,2.180929731418249,1.5969363154753107,63.49087890707735,0,1.1422228842008464,,,,,,,
inflation_yoy,1,full,rolling_mean_12,43,1.2607542434296994,0.8873895675568665,39.4431809664914,0,0.6347132703052468,-3.575643255179547,0.0003493678007649684,0.0008953304708660393,0.0,-2.2915357380814205,0.02193244735077172,0.027013837058559316
inflation_yoy,1,full,arima,43,0.3622350112119766,0.2732385508804019,15.541818674388683,0,0.19543630051933497,-3.858558600004143,0.00011405772169350237,0.00038640678177094914,0.0,-2.4352494726310883,0.014881525711384565,0.019207846888127194
inflation_yoy,1,full,sarima,43,0.24555545048556948,0.17142812641085223,11.60887899521925,0,0.12261549010103791,-3.8831537690229534,0.00010311031509006292,0.00035876642580598623,0.0,-2.4527027303633817,0.014178745800046187,0.018414108115737928
inflation_yoy,1,full,ols,43,0.36753522905090186,0.27858292220876046,16.139467075822676,0,0.19925890958255307,-3.8574723597478036,0.00011456562982818864,0.00038767386971230093,0.0,-2.4338224839786835,0.014940320193912199,0.019274094022821882
inflation_yoy,1,full,random_forest,43,0.41510455999479245,0.2763886664625967,19.058589699296185,0,0.19768944866994836,-3.820787193720517,0.00013302639948033709,0.0004329073746388684,0.0,-2.4092917815748973,0.015983513622874236,0.02044571657560427
inflation_yoy,1,full,gradient_boosting,43,0.39857325057356674,0.2727986326683113,18.896720662249862,0,0.19512164511062693,-3.816801063846425,0.00013519308680768683,0.00043811919274427816,0.0,-2.411523616677581,0.015886022975434875,0.020336519328145095
inflation_yoy,1,ex_covid,naive_last,40,0.3608619847560363,0.2513773330089263,9.484845707453944,0,0.17979987025763866,-3.8251546997425825,0.00013068999439530036,0.0004601472207676614,0.0,-2.416926094776699,0.01565219475925872,0.02042934416219843
inflation_yoy,1,ex_covid,seasonal_naive,40,2.240698259005041,1.6421456607991616,51.83304401767506,0,1.174559270009238,,,,,,,
inflation_yoy,1,ex_covid,rolling_mean_12,40,1.2783894863256915,0.8936695022068859,27.61119871731682,0,0.6392050493442895,-3.591084700620406,0.00032930458625669406,0.0009096829000827762,0.0,-2.3070931163812656,0.02104962962431253,0.026446488122003755
inflation_yoy,1,ex_covid,arima,40,0.35032274352512743,0.26749348274297,9.6183696695233,0,0.19132708950429544,-3.8333433031447415,0.00012641333794883626,0.00044917877786650363,0.0,-2.4232685189686407,0.015381552562983557,0.02012305809027119
inflation_yoy,1,ex_covid,sarima,40,0.22295605828060563,0.15794237338032882,5.984773737856088,0,0.11296968546069444,-3.8564092680956357,0.00011506477898055513,0.0004196270192806345,0.0,-2.4396373949678964,0.014702010762151056,0.019351717583565395
inflation_yoy,1,ex_covid,ols,40,0.35356446479480375,0.2697414661553335,9.664873489709962,0,0.19293497960737774,-3.8339686468382865,0.00012609222064448747,0.0004483516356549335,0.0,-2.423019105956212,0.01539211713244531,0.020135023609477106
inflation_yoy,1,ex_covid,random_forest,40,0.3795182916810899,0.2538546923644841,9.58765055302829,0,0.18157182354148954,-3.8168810141903697,0.00013514930440757704,0.00047149295688574675,0.0,-2.4116834365113973,0.015879061858017976,0.02068570208645913
inflation_yoy,1,ex_covid,gradient_boosting,40,0.3611128297444135,0.25652788261704196,9.853008584943424,0,0.18348384661385947,-3.8120117194101897,0.0001378403394334383,0.0004782963927046698,0.0,-2.4134944783231944,0.01580036729149126,0.02059681743474466
inflation_yoy,12,full,naive_last,43,2.180929731418249,1.5969363154753107,63.49087890707735,0,1.1422228842008464,0.0,1.0,1.0,11.0,0.0,1.0,1.0
inflation_yoy,12,full,seasonal_naive,43,2.180929731418249,1.5969363154753107,63.49087890707735,0,1.1422228842008464,,,,,,,
inflation_yoy,12,full,rolling_mean_12,43,2.520969864889396,1.8156733986896796,66.42729165452897,0,1.2986765258706037,1.3756721102628027,0.16892317030279036,0.17621576231298774,11.0,1.0773445740869645,0.28132635574054343,0.2874755906685841
inflation_yoy,12,full,arima,43,2.1556638232855163,1.5925949199050047,64.59155493271042,0,1.1391176624573633,-1.0817709773942605,0.2793543056699692,0.28552647667727066,11.0,-0.5478681347922899,0.5837824501941672,0.586682585382841
inflation_yoy,12,full,sarima,43,1.8884145513108785,1.4381473086865038,67.04648742799024,0,1.0286476366746384,-1.3022746307321358,0.19282252082187945,0.19991900443033192,11.0,-1.1734977704632437,0.24059625042540478,0.24720827093704897
inflation_yoy,12,full,ols,43,1.6522989331506137,1.3435854018461872,58.970153665741,0,0.9610113928745656,-1.5115453484313357,0.13064956382021342,0.1381378606501924,11.0,-1.5015830011514189,0.13320483615321674,0.14068633320923357
inflation_yoy,12,full,random_forest,43,2.5127156139729827,1.6267235833926905,61.82407901810893,0,1.1635284921598752,1.629350779485167,0.10323878213349817,0.11071736436860664,11.0,0.9451578088533384,0.3445783157161767,0.34998428788991887
inflation_yoy,12,full,gradient_boosting,43,2.441927477194187,1.5792122022622315,66.51188119218861,0,1.129545554793305,1.491237776385022,0.13589907891434097,0.1433722453856738,11.0,0.7111436906411948,0.4769951981176398,0.4809262230275583
inflation_yoy,12,ex_covid,naive_last,40,2.240698259005041,1.6421456607991616,51.83304401767506,0,1.174559270009238,0.0,1.0,1.0,11.0,0.0,1.0,1.0
inflation_yoy,12,ex_covid,seasonal_naive,40,2.240698259005041,1.6421456607991616,51.83304401767506,0,1.174559270009238,,,,,,,
inflation_yoy,12,ex_covid,rolling_mean_12,40,2.5903223404623397,1.8660794218975396,52.57597300041535,0,1.3347298816942768,1.4476230147638158,0.14772251099961453,0.15571402461004846,11.0,1.060035344493704,0.2891285200310466,0.29564957508333406
inflation_yoy,12,ex_covid,arima,40,2.213153710209761,1.6340285910821486,52.72276631876156,0,1.1687534637954402,-1.359914835533149,0.17385687571476593,0.18166703154185224,11.0,-0.5711323715099402,0.567909916645156,0.5711866813302184
inflation_yoy,12,ex_covid,sarima,40,1.8907756509519031,1.4140892419465638,45.159819410998466,0,1.011439890746579,-1.6642987095645985,0.09605275017331355,0.10406840908021205,11.0,-1.3610433571989609,0.17349998814500822,0.181313095172738
inflation_yoy,12,ex_covid,ols,40,1.6817182219460185,1.3600864557583643,46.17481769018939,0,0.9728139182534883,-1.6077739861023912,0.10788468779863927,0.11595158243869304,11.0,-1.5224344760123538,0.12790025181314832,0.13596818813590736
inflation_yoy,12,ex_covid,random_forest,40,2.579265794623772,1.6539626280416673,47.221699916288294,0,1.183011460791952,1.3868329024810622,0.16549272164114315,0.17336892739160045,11.0,0.9217109615290076,0.35667936137218703,0.36234633038697384
inflation_yoy,12,ex_covid,gradient_boosting,40,2.4851425880529723,1.577017705270762,45.52733490822858,0,1.1279759213278526,1.0839921323719262,0.2783682872344816,0.2850243432579043,11.0,0.633385106087588,0.5264821887294493,0.5301792776600187
unemployment_rate,1,full,naive_last,43,1.6019785637494575,0.3709111704155547,4.195925832573902,0,0.4703380810962825,-2.2967539356224127,0.021632810710798242,0.026686865639976035,0.0,-1.7520522417885842,0.07976482528102452,0.08706384883339412
unemployment_rate,1,full,seasonal_naive,43,2.684979437370358,1.354632100648113,22.996884571781866,0,1.717756470090771,,,,,,,
unemployment_rate,1,full,rolling_mean_12,43,1.9348060408623606,0.7500762485703393,11.26001325276398,0,0.9511426227288323,-2.0143728317753946,0.043970404542965455,0.05040359364516564,0.0,-1.5887737524072452,0.11211148112834374,0.1196120015160192
unemployment_rate,1,full,arima,43,1.6150022284974737,0.3977149951988279,4.678449084556454,0,0.504326972561809,-2.289624942478523,0.022043067817759686,0.027134460327353307,0.0,-1.7478075509471018,0.08049735736579755,0.08780530237410954
unemployment_rate,1,full,sarima,43,1.6168149470065578,0.407601512391884,4.844299082240843,0,0.5168636818771357,-2.293687155717037,0.021808475055652393,0.026878598008529386,0.0,-1.7497448604726575,0.08016234906587742,0.08746624530055856
unemployment_rate,1,full,ols,43,1.623543996918036,0.44028473252348194,5.767327215986126,0,0.5583080067366991,-2.288728402090328,0.022095137726466926,0.027191222246132168,0.0,-1.739026064505901,0.08203017833670241,0.08935598781563996
unemployment_rate,1,full,random_forest,43,1.6065183378582835,0.388310331681281,4.6000572628616885,0,0.49240128321887694,-2.289762582119985,0.02203508334409349,0.027125755448843433,0.0,-1.7490810776001895,0.08027700559016021,0.0875822934252855
unemployment_rate,1,full,gradient_boosting,43,1.5954060406989286,0.40395488129407775,5.227182874811984,0,0.512239530301742,-2.2969755843383317,0.021620162591131514,0.026673055882627653,0.0,-1.7468361370644725,0.08066576619594416,0.08797572675746952
unemployment_rate,1,ex_covid,naive_last,40,0.13623680712726716,0.0962295081967213,2.2316981253659,0,0.12202491011359096,-1.7183996518954303,0.08572374380273176,0.0936542028581487,0.0,-1.3191895380483991,0.1871057549913273,0.19479890701272207
unemployment_rate,1,ex_covid,seasonal_naive,40,1.827853433001198,0.9337295081967213,20.0578614858505,0,1.1840262040536385,,,,,,,
unemployment_rate,1,ex_covid,rolling_mean_12,40,0.6942889025993623,0.41299863387978136,9.048567475141514,0,0.5237075624785669,-1.627447521650036,0.10364208561999087,0.11169563133852761,0.0,-1.2744812072423106,0.20249292864612567,0.2100346571702612
unemployment_rate,1,ex_covid,arima,40,0.15176539760713764,0.11236848769162329,2.63070451551438,0,0.14249012456906296,-1.716348362744624,0.08609830154542067,0.09403261582809884,0.0,-1.31838270920833,0.18737556601433347,0.1950661957967153
unemployment_rate,1,ex_covid,sarima,40,0.18234605601113757,0.12473213778327086,2.816582387392439,0,0.15816799011551277,-1.7212815399203425,0.08519974761458957,0.09312470880841478,0.0,-1.3198713435029725,0.186877976704517,0.1945732540105071
unemployment_rate,1,ex_covid,ols,40,0.19630112957914567,0.155283646193734,3.8138051935708828,0,0.19690917395280483,-1.707267476492475,0.0877723482899548,0.09572314625428953,0.0,-1.3094652566743294,0.19037679916109218,0.19803903097821624
unemployment_rate,1,ex_covid,random_forest,40,0.16304501331092722,0.11782110655737679,2.702603506494542,0,0.14940437924463568,-1.7145874580924247,0.08642088980936423,0.09435847494621578,0.0,-1.3170863097806098,0.18780969539855552,0.19549625606895688
unemployment_rate,1,ex_covid,gradient_boosting,40,0.21865428642284626,0.15169450954832095,3.5669631159296333,0,0.19235792886437938,-1.7037931892425648,0.08841973083418611,0.09637658245327664,0.0,-1.3080286335495463,0.1908635975306877,0.1985211653040707
unemployment_rate,12,full,naive_last,43,2.684979437370358,1.354632100648113,22.996884571781866,0,1.717756470090771,0.0,1.0,1.0,11.0,0.0,1.0,1.0
unemployment_rate,12,full,seasonal_naive,43,2.684979437370358,1.354632100648113,22.996884571781866,0,1.717756470090771,,,,,,,
unemployment_rate,12,full,rolling_mean_12,43,2.447609774797811,1.4187793874698185,26.947900493461503,0,1.7990991585772123,-1.4169268526591896,0.1565043146545605,0.16387969208925554,11.0,-0.5298538705492973,0.5962132514403036,0.5990032796714503
unemployment_rate,12,full,arima,43,4.2218856987292295,1.800563498055174,32.300937456287045,0,2.283224793738284,1.6083166109060627,0.10776585446692079,0.11525821324166795,11.0,1.015017275420862,0.31009759267990555,0.3159093820358596
unemployment_rate,12,full,sarima,43,5.12850806942634,1.936883932167094,34.430756423382505,0,2.456087453341064,1.6023434726781915,0.10907967742502135,0.11657500715997206,11.0,1.0214966970289112,0.3070191731822246,0.312867225125702
unemployment_rate,12,full,ols,43,3.0937659709185765,1.6611878360692967,31.07507732713736,0,2.1064879180693263,2.1647394622393508,0.030407643190635117,0.036139260977268585,11.0,1.0560691643507978,0.29093661699312034,0.2969736270101907
unemployment_rate,12,full,random_forest,43,3.0150478140961816,2.095449294700725,44.64698125598904,0,2.6571580446064837,0.6510350272635501,0.5150238761816464,0.5185701383079936,11.0,0.6457167229173691,0.5184628284340587,0.5219752585833215
unemployment_rate,12,full,gradient_boosting,43,2.833876132797551,2.0247135806080556,41.79538830759803,0,2.567460826822378,0.4199711174460743,0.6745065532621498,0.6766473013034532,11.0,0.3721223340838789,0.7098017683167197,0.711672832846788
unemployment_rate,12,ex_covid,naive_last,40,1.827853433001198,0.9337295081967213,20.0578614858505,0,1.1840262040536385,0.0,1.0,1.0,11.0,0.0,1.0,1.0
unemployment_rate,12,ex_covid,seasonal_naive,40,1.827853433001198,0.9337295081967213,20.0578614858505,0,1.1840262040536385,,,,,,,
unemployment_rate,12,ex_covid,rolling_mean_12,40,1.4631482437504422,1.0103961748633878,24.38492886720299,0,1.2812442329516327,-1.5605350888311849,0.1186334846591694,0.12671248298523627,11.0,-0.4855001345486795,0.6273216172703158,0.6300380414780993
unemployment_rate,12,ex_covid,arima,40,3.8959966186039696,1.4470885754009235,30.424941865677713,0,1.8349969427124069,1.7165469042433654,0.08606199091486275,0.09399593417006563,11.0,1.0597384078713794,0.2892636243584872,0.2957829783308733
unemployment_rate,12,ex_covid,sarima,40,4.932237842493031,1.596570237024952,32.743838324041235,0,2.024548844879603,1.714651446625357,0.08640915038702314,0.0943466172916484,11.0,1.0495830247709594,0.29390986503657635,0.3003706454010314
unemployment_rate,12,ex_covid,ols,40,2.4827110528579373,1.2852794835589143,28.97571864334843,0,1.629813104016911,2.4921189067898455,0.012698351831095923,0.017056224043761923,11.0,1.1970282887451953,0.23129552880297533,0.23852124049462353
unemployment_rate,12,ex_covid,random_forest,40,2.3634585016734757,1.7561454918032795,43.66241380677908,0,2.2269000413636584,0.7758578890145551,0.4378328991662145,0.44251261372043116,11.0,0.7226051883745439,0.4699224797402014,0.4742336698498988
unemployment_rate,12,ex_covid,gradient_boosting,40,2.1007581145454277,1.669498606287347,40.44309914057499,0,2.1170264837113653,0.5829194149696676,0.5599475500907828,0.5633031745960123,11.0,0.4539639407467133,0.6498547807061653,0.6523711146916751
